,X
0,1.491043113568596
1,1.2393458403622395
2,0.6290024748986598
3,0.9974880053735794
4,1.2049050801342482
5,0.8057146203514091
6,1.0829117474229533
7,1.0331005856038389
8,1.0012882583730471
9,0.9489681304525536
10,1.1387234530794128
11,1.4346360769616708
12,0.748623044026958
13,1.3613573090210895
14,1.0709959811569232
15,1.1428684471697144
16,0.7110726576948564
17,1.0413740713247395
18,1.5610537914533928
19,0.7232925785398155
20,0.5524908072460311
21,0.5927327306385549
22,1.0830932299319744
23,2.045188986606428
24,1.4008894776034948
25,1.6516696146936312
26,1.0301915591951618
27,1.5210469993993778
28,0.921848490081
29,1.2019692524458139
30,0.9229362117149661
31,0.8480694870836953
32,1.040615628736751
33,0.8668905028411984
34,1.4807399429046932
35,1.0602492094751008
36,1.1275678821447073
37,0.903671200397131
38,1.4578192855978465
39,0.8028472152281447
40,1.2190470724338598
41,0.9000890578092618
42,0.7544019159778562
43,0.8634656474843012
44,0.7855451507421889
45,0.9381839020096033
46,0.9032624966724576
47,1.098176394479109
48,1.1847666091639057
49,0.9567376363423622
50,0.9922585197670586
51,1.0906002809727935
52,0.8504720579163326
53,1.2367018107924381
54,1.2874550257827924
55,1.0629778258795326
56,2.0511715125602374
57,1.3168436267181274
58,0.9668791733282416
59,0.8970406195739367
60,0.9327158527386439
61,0.8602616688766821
62,1.4030319113350402
63,0.8111169673872106
64,0.9759570934689334
65,0.8531765100935657
66,1.3686910662606386
67,0.6533993276832063
68,0.8969548479294964
69,0.9640889591545758
70,1.100546556914231
71,1.1482865451049704
72,0.9373139748071542
73,1.3454408612801678
74,1.0990279789421629
75,2.0965545711412363
76,0.63603833255271
77,1.2046393155031578
78,0.7308553187016648
79,0.7870978972903926
80,1.813983720755928
81,1.687830952443045
82,0.5730079751176615
83,0.9353522246917679
84,0.9804394844588025
85,0.5275489442941389
86,0.9854576234135386
87,1.1252467727129305
88,1.0673506430897124
89,0.5497354420568239
90,1.3941884231196373
91,1.076121305667511
92,0.9815978176481661
93,0.7975841854318798
94,1.238112082071969
95,1.3171637431513734
96,0.8653441917560986
97,1.02724070856112
98,1.2815875550409743
99,0.5563522534323506
100,1.0358710824534179
101,0.5642617347430392
102,0.7581509433518517
103,1.1513387897089702
104,0.957614455876192
105,0.8868836253200214
106,0.9150329935045731
107,1.289768290801703
108,1.236208626459249
109,0.789637990929806
110,1.091859512456298
111,0.8682790103774966
112,2.0571009417507033
113,0.8010699386524422
114,0.9104205647197636
115,0.9006265641736275
116,0.8765970372122132
117,1.0432399952072422
118,1.085363328623704
119,0.615345595967534
120,0.8420347384975535
121,0.6729163415886731
122,1.448982517221326
123,2.095092121782236
124,1.51432480879868
125,1.109456143679668
126,1.359007742246731
127,1.051316386221745
128,1.6438071548379027
129,1.2218509518530585
130,0.9333416198343508
131,0.7125783853742508
132,0.8253161274397411
133,1.098723615429229
134,0.6922896827831062
135,0.9356274166180765
136,1.4947782872281457
137,1.0088316844989493
138,1.814147615056638
139,1.543649904652437
140,0.9173292461654582
141,0.6651164293434666
142,0.9856909638751264
143,0.8656832477596873
144,1.1199969093447757
145,1.6230748280481657
146,0.7139579509759479
147,0.8899247378399848
148,1.1048449240108822
149,1.4056389272729635
150,1.1655747621431278
151,1.1323434019138305
152,1.4968528844229818
153,1.159576201899943
154,0.9313675813959456
155,1.0173340661113752
156,0.8088664676145737
157,1.1782136685600009
158,1.3267735897665667
159,0.40906589178015135
160,1.4411546824862185
161,0.983186730631145
162,1.1482815675440778
163,1.2198308523489882
164,0.5023134264260517
165,0.6985288534278945
166,0.9049004433863579
167,0.7886621648295482
168,1.0857291991784332
169,0.8568666471582461
170,0.5985044258268053
171,1.201642287117027
172,1.3910221160502196
173,1.1844822483858415
174,0.8074777075237625
175,0.924725961161846
176,1.1788370714939673
177,1.1983669021930317
178,1.3526401395804961
179,0.9154607374735529
180,0.6529438412541081
181,0.8157200715973614
182,1.1737050359693864
183,1.2500609637635434
184,1.9493868586047316
185,1.0357796478182557
186,1.076144079955267
187,0.9482001723073452
188,0.8853972556090004
189,1.2643176342974018
190,1.1118700018030963
191,0.9397101092310991
192,0.7233159054979375
193,0.9637523183531004
194,0.8893231105257091
195,1.4572514886826946
196,1.328616032583374
197,0.7358763274832665
198,1.4192811492638349
199,0.842321891387296
200,1.0407496273786474
201,1.4345097628840198
202,0.7353373612968352
203,1.0492962998610245
204,0.712380866208002
205,0.5585618607444628
206,1.3444423871810598
207,1.0085041669063246
208,0.7813670389083549
209,0.6212848986533288
210,0.8865286412000242
211,1.4957889378536167
212,1.1283323295124874
213,0.8941976663656651
214,0.8174160840656662
215,1.0322528273930491
216,0.6286430840504845
217,1.4969683354181036
218,1.1629463647868015
219,1.4309022376552203
220,0.8444652422568538
221,1.2923323729660494
222,1.2292096694467383
223,0.631333761640851
224,1.0457017700272078
225,1.0991458195475658
226,0.8415790762182442
227,0.8975815131174385
228,1.1398031692651058
229,0.9886890902254627
230,0.7397707739097507
231,1.194151541372243
232,1.0707348721656305
233,1.0776185901093804
234,1.0291456283843126
235,1.1442009340747512
236,0.9177772156440505
237,0.7719561818583246
238,0.800477021908649
239,1.3932965261033885
240,0.5459021150347447
241,1.1760509977035738
242,0.6487617941990346
243,0.6171426337050051
244,0.7393598250093149
245,0.9256490725977571
246,1.245020796934057
247,0.6007836171185016
248,1.6523898991358714
249,1.417815221032015
250,0.9610084493570977
251,0.9166094999880351
252,0.7512177479129737
253,1.192929656860978
254,1.0208549282904256
255,1.5274799582064473
256,0.8139432079931663
257,1.1786658674660078
258,0.9891445885407082
259,0.7756104549259274
260,1.7694897222186146
261,1.0875001453697248
262,1.20451422207468
263,0.7257350232415358
264,0.8051020655868272
265,1.0255631400171366
266,0.8391745515723839
267,1.1979439127893308
268,1.1405488247193718
269,0.7908057170240753
270,1.05958868017879
271,1.0012082028861276
272,0.9519692099500735
273,0.708472751988803
274,0.7782927414724045
275,1.0651708603146195
276,1.3555338869317852
277,0.7474713166015962
278,1.4407365382834765
279,1.0563232153246909
280,0.6832148658879269
281,1.1018790821751134
282,1.3043860330140848
283,1.0825489588958828
284,2.0051887486158138
285,1.0970231696122577
286,1.3070454514702994
287,1.0033122825573662
288,1.3418137431267225
289,0.4873992853617238
290,0.7731696734763481
291,0.8964762969089797
292,1.1632037717588724
293,1.058125942228182
294,1.384817167772471
295,1.1130252072960654
296,1.06417395619136
297,0.9574140172296205
298,1.0504002434796813
299,1.2825544397617148
300,1.2543154773260903
301,1.3019273027515625
302,0.9305430954781427
303,0.8117872393796743
304,0.8681246011699434
305,1.110536156522847
306,1.6216387113659347
307,1.0744423469164648
308,1.1566186465110746
309,0.607999382907054
310,2.2344007971110913
311,0.7181644914982415
312,1.7251858479366557
313,0.8463568477225264
314,1.3328418232216246
315,1.2770672069303104
316,1.0194831874558896
317,0.9513039929147148
318,0.7541130922516425
319,0.9840502161916377
320,1.3914423359869654
321,1.1181066498641647
322,0.7671765695210806
323,1.415404663537979
324,0.696912058606412
325,1.0649754450042217
326,0.7654004817061197
327,0.7907239789798609
328,1.3825355983462344
329,0.8703566005022729
330,0.6347508598280706
331,0.8507682114072029
332,1.2548129997753465
333,0.8034665164929595
334,1.439700052511445
335,1.353217229170014
336,1.0222283514433796
337,1.42207877052395
338,1.7487224629980944
339,0.5515124039226176
340,1.4148261750088467
341,1.2005558764185724
342,0.9075919735247283
343,1.2204793386081974
344,1.1263899655168843
345,0.8412763649869374
346,1.5627787982998231
347,1.0429717184193141
348,1.4283144263441248
349,0.9289283990660117
350,0.6122124076248091
351,1.0762033453627977
352,0.9319047501373526
353,0.6850603504895842
354,0.6019442905121005
355,1.2031405664056014
356,1.4636120459738386
357,1.5207465916480094
358,1.173824813852027
359,1.0012313690807395
360,1.0584715702298342
361,1.0135230256793777
362,1.2692238631822168
363,0.8624809455537217
364,0.6849037772875832
365,0.9363386342544704
366,1.0609679662642337
367,0.9262749777411369
368,1.0077723263810128
369,1.9353533725716645
370,1.303835468457181
371,0.659649424303253
372,1.2166469755294473
373,0.5204910477534835
374,1.2040425385912141
375,1.1539262881202368
376,1.0078596848691144
377,0.7475816851900677
378,0.7444434124435969
379,1.131744010075672
380,0.8316933682221654
381,1.2854701573199694
382,0.8293726540434111
383,0.8967699996684917
384,1.2558861252675977
385,0.989873521670737
386,0.95130532820264
387,1.0842318100072872
388,1.1191748417274363
389,0.975139663863799
390,1.070191821434178
391,0.965833114339398
392,1.1314281944907523
393,1.0901803380282429
394,1.163324021571089
395,1.2728776549626808
396,0.734046820784158
397,0.6654383596763782
398,0.9231619868402932
399,0.949910186602202
400,1.1487974104989485
401,0.6935328581753105
402,1.0594732511738494
403,1.1395519018172886
404,0.6123304196123182
405,1.1393764993355622
406,1.520966237932966
407,1.0381082148359304
408,0.7653397542013344
409,0.8410804173739999
410,0.9777662355825333
411,0.8551033548755056
412,0.38238764657863783
413,1.5508657103170516
414,0.8692966987843986
415,0.9477107775388887
416,1.3197261993574316
417,1.0731233654484398
418,0.8636544980548435
419,0.9724909956763507
420,1.1742391602470998
421,1.1796920269854527
422,0.9441628510120315
423,1.2692285669555072
424,1.265578018853331
425,0.8638835277724275
426,0.739515927064642
427,1.103263504418744
428,1.1897158951571762
429,0.8711181485022559
430,0.8774416916072665
431,1.174544679308345
432,1.0482315383484542
433,1.5032609899363052
434,1.1671951623312637
435,2.0446720030209793
436,1.1720531973357657
437,0.7642631201989554
438,0.9423834429960779
439,0.9717635654288806
440,0.6040285731044334
441,1.2250877310895927
442,1.0183853135584253
443,0.9931114788731193
444,0.8470500219523535
445,0.7176043037131942
446,0.936935844332312
447,0.7690289122022516
448,1.0032396651081703
449,0.7619502255594168
450,0.6539489666435176
451,1.0288199783329701
452,1.0598635603219313
453,1.1770019978596304
454,1.0170443591989393
455,1.5522360457434736
456,0.8263054633485228
457,1.3949402300841793
458,0.7424574285405823
459,0.8148897572581327
460,0.8844575496173239
461,0.9284464422005718
462,1.5814708564750082
463,0.8229733081009545
464,0.6833796906591143
465,1.2541559809752487
466,0.9928531284443808
467,0.6267154045644447
468,1.1094955726529825
469,1.3267194937394267
470,0.8907931396078147
471,1.596897420091142
472,1.5897051010222336
473,0.8126081253833448
474,1.2960945384935227
475,0.5329447269467674
476,1.0524159316239141
477,0.7966427885499846
478,1.3368861281815492
479,0.7692359623712
480,1.3611801992786596
481,0.7859462378836567
482,0.8794214575615606
483,0.7972198828148395
484,1.0683859692547213
485,0.6623678217304529
486,1.2141296725034372
487,0.8170536295716646
488,1.9592464808221255
489,0.9287217169942459
490,0.7952638746138831
491,1.155157412917892
492,0.7791593001851602
493,1.1947736693200184
494,0.8740359759360526
495,1.157553563943978
496,1.0170379366074416
497,1.1779025296650243
498,0.8146988686616582
499,0.8206117399761131
500,1.5399903013013438
501,1.5138317017322116
502,1.3183700056618235
503,0.84209186570102
504,1.4659664682950795
505,0.9060601250058237
506,0.9570475122902411
507,1.3737318199348951
508,0.96722499943834
509,0.9884034247514312
510,0.907820100083842
511,0.818952070061263
512,0.8094615533253434
513,0.8993087923651845
514,1.0466328755837384
515,0.912780310551121
516,0.702116235695488
517,0.9562462532856685
518,0.934700562400017
519,1.021269347703211
520,1.145246810239505
521,1.0922292348965146
522,0.7801625341716263
523,0.7799375979952631
524,0.8626448181916426
525,0.7981281285911659
526,0.6209440828723877
527,0.8688200832538955
528,0.6509414754871273
529,0.6845120303316331
530,0.6893028257545144
531,0.7291069921978117
532,0.7120128490536558
533,0.7608768074043585
534,0.9248978632524771
535,1.276850317258828
536,0.6675089758495846
537,1.3741817977566138
538,1.1704194873525162
539,1.1735656827808045
540,0.9267537362401432
541,1.0593300583901617
542,1.1839739539024585
543,1.207117505324638
544,0.9030434705315608
545,1.2475151518435956
546,1.4345782114145555
547,1.337989157286139
548,1.2351144233216145
549,0.8340213183523816
550,1.0014141623235255
551,1.0450974994411883
552,0.8704353978896668
553,1.0677649687246338
554,1.051929485025712
555,0.9851127735484672
556,0.956024399584614
557,0.9894575466579176
558,1.0101359849705185
559,0.8958585049382315
560,0.8805016947957097
561,0.9848608714657514
562,0.713818706825324
563,0.5728064231853635
564,0.9371073087461345
565,0.7020424893173667
566,1.6379219579260031
567,1.2423798312065577
568,1.4541838113207046
569,1.2458496302097761
570,0.9081853226502073
571,1.1621462255774193
572,1.1688059748193278
573,0.6614223091752657
574,1.2654315290690785
575,0.7642255582197061
576,0.7022250237759453
577,1.2490162252511408
578,0.8421014378666523
579,0.749535496054596
580,1.4281435703429386
581,0.5886935613004286
582,0.7936414474917093
583,1.4011209217827325
584,2.2288940632071323
585,1.0195217553304292
586,1.315274375101621
587,0.7414838757964711
588,1.8636083860751123
589,0.8377329043430104
590,0.42964312139190486
591,1.0334092913665804
592,1.0437299506862636
593,0.7904043190403134
594,1.0803480097994016
595,1.4827179023045114
596,0.6671718561951913
597,1.1618819431417755
598,0.7442517003760002
599,1.5617294425391401
600,1.18673760808754
601,0.8573898545425718
602,1.0862536164571124
603,0.8897769526761103
604,1.2147749393269476
605,0.9926982267321219
606,1.480746194744093
607,2.2228124026488927
608,1.10828959292252
609,1.2992524357289397
610,1.1198772730042068
611,0.8589901582113418
612,1.155929565557684
613,1.340539050020326
614,1.289239340409723
615,1.048117320938059
616,0.9547015194640845
617,1.731597070946229
618,1.3214549820202603
619,1.5140092218038455
620,0.8222766301077802
621,1.5324319811093559
622,0.6455495477722244
623,1.1540698366461128
624,1.0088592511493666
625,1.0497413871124164
626,0.8840186842576978
627,1.3221387498184052
628,1.1752496516303885
629,1.0603063108030204
630,1.8583476179589462
631,1.3669961266735118
632,1.0565358870488892
633,0.9965593836516066
634,0.5509389663629306
635,0.8251008251958191
636,0.8655255662758548
637,0.7840570109806302
638,0.9678655813505993
639,1.7267382013737809
640,1.1667486903679578
641,0.932020714686457
642,0.7220408292056194
643,1.330458725601636
644,0.9332168675991708
645,1.7524176474093638
646,1.048454833483189
647,1.5373973555789635
648,1.1523367399824433
649,1.0229572282459434
650,1.0385686425861413
651,1.2064408546349898
652,0.991955737841462
653,0.6248557837533348
654,0.5681015723404497
655,0.8063368749504343
656,0.7824064528049578
657,1.064825916173752
658,0.9615715739563377
659,1.159391804822295
660,0.9353543653228316
661,1.1836012995301588
662,1.106738944489803
663,1.392585193184833
664,0.7633108938373657
665,0.5653534768224882
666,0.8300608234666094
667,1.2442687891018835
668,0.8207538230753106
669,0.8661385717280031
670,0.6792694406085186
671,0.7465744927154899
672,0.9434322162156801
673,0.5921349270526208
674,0.9557173051071318
675,1.0053914390472378
676,0.9422391602322073
677,1.0381017951060478
678,0.8194472286852904
679,1.4688387934390132
680,1.268292927838033
681,0.7887305017078671
682,0.9772805613264579
683,0.8193276627801451
684,1.4645473039417474
685,0.9647696653692974
686,0.6974715298174117
687,1.2889855692414538
688,1.2012575121099227
689,0.9407471079982477
690,0.8544885749298843
691,0.8819920761847088
692,0.9815965857762559
693,0.7278542276403291
694,1.7187094221797936
695,0.9780377923685016
696,1.9376302569813484
697,0.8731684503095508
698,0.9391023675558257
699,0.9153897873611253
700,1.312518288029728
701,1.3495569425352651
702,1.0992358893097012
703,1.4068312572877912
704,1.4154236835189191
705,1.349761831352319
706,0.882554632775764
707,0.709543892119909
708,0.6138933610916657
709,0.6455601907523936
710,0.9096024834619675
711,0.6793079338859458
712,0.9680147106592342
713,1.5651317391067971
714,0.9542514434273164
715,0.5669446386982753
716,1.2867373740722714
717,0.9346719645504152
718,0.8608576891419463
719,0.9219121240870626
720,0.6719241871768613
721,1.005579950991347
722,1.2540351545068738
723,0.7353263924696598
724,1.1864670938423887
725,1.2005299956418134
726,0.8432476844223709
727,1.353587955758514
728,0.7063705660325246
729,1.1410168086296726
730,0.9578513003633914
731,0.9755594590684974
732,1.123639989347617
733,1.0662367744170647
734,0.5550175438386876
735,0.6776945303792046
736,0.7231208290977933
737,0.9316349686505038
738,1.2636620479346277
739,1.3738885905849407
740,1.2232634911593994
741,1.0539466686909165
742,0.7474566418073042
743,1.4253331124663027
744,1.032291317947354
745,0.6897643522329608
746,0.8302870704886973
747,1.4411163160953486
748,1.537519539204249
749,0.7551998599320483
750,1.8821437176124551
751,1.3145738045511552
752,1.1858385047988447
753,0.7040961881212122
754,1.9071140899128494
755,0.984159336838753
756,0.7980918639156296
757,0.8779797015121708
758,0.9690267756824132
759,0.7429495279069062
760,1.2022483293227333
761,0.9654470298270267
762,0.5947010559779168
763,0.7694029033417676
764,0.7114795550620793
765,0.7847901688815088
766,0.8479833429457034
767,1.0578482926952082
768,0.9153970047159933
769,0.9454669072433666
770,0.7986965675708158
771,1.228820199654028
772,0.9202396832132838
773,1.8166636396017328
774,0.7648374237062636
775,0.9877716302033985
776,1.4771000153905256
777,0.7090503440122478
778,0.7518001892005539
779,0.7155543333514566
780,0.9617890576601715
781,0.9158280211484555
782,1.0661550212967152
783,1.398512597212136
784,0.7068483769657327
785,0.8907973926629479
786,1.1272693592946224
787,0.4707440599857614
788,0.8538648011353462
789,0.872201703521121
790,0.8339922312185359
791,1.0889122648578138
792,1.3897671967720966
793,0.8508042413576766
794,1.9322382052963325
795,0.809941597669233
796,0.9819843893884476
797,1.067338818480825
798,0.632857318770546
799,1.1472497910455257
800,1.0063329350914043
801,1.0480292088441219
802,1.3651936092900245
803,1.013794041931548
804,1.3940328043928356
805,0.6694246175801619
806,0.9267235142363559
807,1.457123012192261
808,0.9761260508575258
809,0.6933275913997574
810,0.706962379809032
811,0.7967598560315168
812,0.6745446407917551
813,1.1602140943991113
814,0.42976428615386375
815,0.7815989742105441
816,0.6588923087072897
817,0.6623422902667676
818,0.8429349338620231
819,0.6904028485766771
820,1.1540520777161096
821,0.7891145838715693
822,0.8473253116051924
823,1.285684261871777
824,1.08525539355642
825,1.0386031056774672
826,0.9922724854430215
827,0.7136927965907827
828,1.0946906770855902
829,1.8881120806111775
830,0.9241417212154813
831,0.7400656480736347
832,0.6342330105419801
833,0.5618061198500319
834,0.9021237486830035
835,0.8503482569004308
836,1.368275039862859
837,0.9763046780598236
838,1.2194726233882769
839,1.2056472062722647
840,1.432728329530492
841,0.9115268356150584
842,1.3378320045178016
843,1.1448960696524944
844,0.7270122029194203
845,0.7352515370773691
846,1.134150834169155
847,0.9097370439924133
848,0.5151864919814506
849,1.0800819852309884
850,1.0812943616797508
851,1.0612569147768138
852,1.5805226951545204
853,0.8873802679569667
854,0.6307040381837979
855,1.2095455607468302
856,1.04756753340492
857,1.1974604626843683
858,1.2143216956784793
859,1.0458911755342262
860,0.8475522663499396
861,0.9805410933041648
862,0.9536724418124642
863,0.8720621769718683
864,1.048186610890995
865,0.9646996879643099
866,1.014730249521597
867,0.7210451120284205
868,0.9178780924395268
869,0.7089575957740035
870,0.7279306136013606
871,1.5114047291211865
872,0.7370829975251553
873,1.1568258648266636
874,0.6033708754199251
875,0.9694086319975265
876,1.367340365335922
877,1.265486610294014
878,0.800557618926796
879,1.2688644599356707
880,0.8942904005463631
881,0.7481155555698292
882,0.6960729769975829
883,0.5475001420797111
884,1.1512506369092663
885,1.2619981100056314
886,1.6508989332811659
887,0.8999896697413423
888,0.9063679681163399
889,0.8456374409372024
890,1.0982093533802626
891,1.0481373916718475
892,0.6366673175332951
893,1.1538955982706838
894,1.1868493722368343
895,1.079200875156172
896,0.9301851328917513
897,0.5626677437850457
898,1.030824044306838
899,0.9684670403321808
900,0.8695363269935715
901,1.020538244660808
902,0.9348772600720388
903,1.0217547493488839
904,0.9655779269947805
905,0.8685261395887477
906,0.7169404125785674
907,0.6896729235250221
908,1.1078445672039847
909,0.9889710108735674
910,1.1298534208517985
911,1.1399227393854998
912,0.9620669022529422
913,1.7765899645870282
914,0.8601203715290103
915,1.020515694723862
916,0.858765833273463
917,0.8978851205463945
918,0.7333451459996201
919,1.226314781431731
920,0.852995702777123
921,1.2173533260353795
922,1.3760796098182946
923,0.9936408300386326
924,0.8526330707570168
925,1.0973834529483286
926,1.184849633147674
927,1.2151090315230682
928,0.6714761722408935
929,1.5706758088905395
930,0.7682474072570317
931,0.6609581842788368
932,1.2027324182118737
933,0.9017980880705687
934,1.033374826541884
935,1.0667145177326995
936,1.6755074273332442
937,1.0458465755795459
938,1.1513182556375585
939,0.9032132147137282
940,0.8093909173674351
941,1.2951256983074069
942,1.1928613320227168
943,1.6041638024742149
944,0.7935282754908716
945,1.1178243481143737
946,1.2604148653304519
947,0.6061730335369684
948,0.6823240945694484
949,1.1591075142283918
950,1.0720220910310787
951,0.8256306630589187
952,1.3142678158409826
953,0.7644164315989586
954,0.6490979232077733
955,1.0258226351222046
956,1.0404470169947433
957,1.3282862788870407
958,1.0695823357608945
959,1.2840952778558552
960,0.7477423776573919
961,1.2959592629024237
962,0.7310196460702172
963,1.3611796025737184
964,0.9426612239423389
965,0.997552663348795
966,0.8831715210244583
967,0.9620930353736247
968,0.9087148742609572
969,0.6450521629319866
970,0.7799517580628824
971,0.8289541238123239
972,1.0833258549158726
973,1.17093714623299
974,0.9117151096034042
975,1.1221105544783978
976,1.144774305731375
977,0.9113477897226595
978,0.48178245621531696
979,1.0105190778883228
980,1.5468266391857637
981,0.8503757856541344
982,1.2486283285650632
983,0.8085708425718453
984,0.8209291905717115
985,1.8838726174135836
986,0.9783477680974025
987,0.7537323570382759
988,1.4098771843897235
989,1.097750309752403
990,1.1248392543308325
991,0.5664433710834057
992,0.9026201279422922
993,1.0211527276339247
994,0.9530316924724078
995,0.7376382484276499
996,0.9052462031743239
997,1.5406574186570863
998,0.8895270525055513
999,1.2125616493118248
1000,4.513252226094956
1001,2.8576664117606025
1002,2.8605800386253337
1003,4.175507542826367
1004,4.183789014281516
1005,3.683407260572395
1006,1.7848864008316314
1007,3.5315612397864866
1008,3.2454289832401484
1009,3.2519878040898362
1010,4.744459991154389
1011,2.04189983179167
1012,4.824668955772265
1013,1.320054617415659
1014,1.8855910776064193
1015,3.0591510268856332
1016,2.684298724833399
1017,3.470432125159391
1018,3.776392404581048
1019,1.9353763960082289
1020,2.8173910620218217
1021,3.2114478591196334
1022,1.6672747414813005
1023,2.792430074974137
1024,2.992170784425138
1025,3.365266241306854
1026,2.5999720171321505
1027,4.132525487132304
1028,2.9013837073795465
1029,2.7889778067544753
1030,1.4197622749515566
1031,2.0703357760776524
1032,2.402096390826206
1033,1.5670293366675894
1034,2.5330414317372116
1035,2.1058552301338427
1036,-0.31766905230142495
1037,3.895279583530071
1038,4.199629397527989
1039,3.3816046016412056
1040,3.0901728639450328
1041,2.962551380412999
1042,0.666825969350954
1043,2.9330504158259423
1044,1.546890897255247
1045,2.0285209279138736
1046,1.6024117172766734
1047,3.085892086947669
1048,5.650689880894301
1049,2.5150802353604105
1050,4.37009922616581
1051,3.4547011650183777
1052,4.578553276635645
1053,4.196180070511959
1054,1.1608254212831342
1055,4.109381316780095
1056,3.548177513169198
1057,1.8482795041899593
1058,3.4097153963262157
1059,1.57201248944295
1060,3.1958933219268575
1061,4.158202523315928
1062,3.2393529313105103
1063,1.7928626970188704
1064,2.7024698024692446
1065,3.348145445363728
1066,3.8182868311136096
1067,3.200500696406198
1068,2.634460432188701
1069,2.4458359794315037
1070,3.4817048393360817
1071,4.634502674478122
1072,3.7020613515959115
1073,2.356733446848621
1074,4.24111236027804
1075,2.902586681662258
1076,4.494537610130657
1077,2.925380337085549
1078,4.093526628875739
1079,2.6895105113407602
1080,2.855025483096439
1081,4.441475876064396
1082,1.7263349037971079
1083,3.240207426710108
1084,2.4285097940297846
1085,3.290422256406472
1086,3.1219424603246595
1087,5.317557074895077
1088,3.3526129572530277
1089,1.7868997399565654
1090,2.594662625620579
1091,3.716788376270851
1092,2.691105594057005
1093,3.7175782571799214
1094,4.373373498515202
1095,3.974920051476344
1096,1.894069697342552
1097,2.428810120695976
1098,3.0868732685488007
1099,1.2202031709287766
1100,3.715636339359838
1101,2.737052087542776
1102,2.8258831966865614
1103,3.3538908780533845
1104,2.412737174187569
1105,4.511953849904042
1106,3.7549113806430716
1107,1.6870438938328822
1108,3.0547774019357177
1109,2.465193004199681
1110,3.806390993804134
1111,3.7495481445975254
1112,4.379338129863194
1113,2.52840538647237
1114,2.7246929848266705
1115,3.2388172424389343
1116,3.350524692767779
1117,2.3533437200747858
1118,3.714837742332186
1119,2.9268721605564583
1120,0.537777421035015
1121,0.5887684282072958
1122,2.004053037743485
1123,4.527890174824008
1124,3.9120096369643274
1125,3.335331957643734
1126,2.594373406193174
1127,2.8891176374770393
1128,3.5601603766172363
1129,2.622681918235622
1130,4.294729006031245
1131,4.509372958545918
1132,4.103331257833372
1133,2.4079812786431996
1134,2.866199577553309
1135,2.940229120293562
1136,3.2930623759832027
1137,1.589168573007437
1138,4.254257741028727
1139,2.1097234210030185
1140,3.1710135439552682
1141,3.0587553802240106
1142,2.7923403961964546
1143,4.16358579529187
1144,3.3692160112967566
1145,3.904773921257817
1146,3.7623123480919105
1147,2.3184425210065784
1148,4.3778234605578366
1149,4.1845547910741665
1150,2.01793672536671
1151,2.749539180851399
1152,2.6803290340082486
1153,3.322392506817691
1154,3.4679119939511125
1155,5.324048745443136
1156,2.1760472837005578
1157,2.697880515544706
1158,4.235933485031648
1159,4.190694172775956
1160,2.2501039701971273
1161,3.815222023286764
1162,2.6371185806469426
1163,3.643228414098238
1164,3.656064026811423
1165,4.7380860157439395
1166,1.4771542471164567
1167,2.2215964000106436
1168,3.5796330557723937
1169,1.9396644725304
1170,2.4511514397915954
1171,3.9418945805906738
1172,2.1556575244264233
1173,2.418394333101011
1174,2.9960278802728224
1175,1.5195900582204152
1176,5.165262489032404
1177,1.8760865089577885
1178,1.054483640055883
1179,2.8769889446795553
1180,2.52435486579744
1181,3.792189752695527
1182,4.0492304714390075
1183,1.500837417937329
1184,1.9238090325862554
1185,1.9797371510951285
1186,5.218270994674485
1187,2.893882067825509
1188,4.569927506322124
1189,3.0785288151427537
1190,3.0389170174531226
1191,1.5683659087063497
1192,2.976129452057011
1193,4.034350702473927
1194,3.1329178657262022
1195,3.420190738610215
1196,3.3504430062235624
1197,5.448004803835113
1198,2.216224668560992
1199,3.7652473078728983
1200,3.7059600441358365
1201,3.7229868325524715
1202,4.758472924542783
1203,2.446890659186177
1204,2.3939709236226197
1205,3.1904726144464624
1206,3.6407020804796018
1207,1.7427972278674972
1208,2.9402973987184677
1209,2.5071369805112353
1210,4.465512690043697
1211,4.592964290667986
1212,3.049792365162719
1213,4.020981928071207
1214,1.063796712200266
1215,2.5716138401158246
1216,1.6291637088952433
1217,2.792272386833961
1218,3.874976427545839
1219,2.423029682174752
1220,3.004216724519231
1221,4.969044194304239
1222,3.511877661449282
1223,5.793165761731142
1224,2.9223883040691763
1225,1.1546736337610237
1226,3.4985390666395584
1227,2.767798372084025
1228,1.5723303049931807
1229,2.1197122736791028
1230,1.2239955861769418
1231,5.05852735957388
1232,1.420747663086215
1233,4.914100729300048
1234,2.6508518755712456
1235,3.106141721422388
1236,3.331100821506853
1237,4.011905840445474
1238,1.2831844175769591
1239,3.168431969098278
1240,0.9503894731718048
1241,3.409693325529159
1242,2.3859468383859026
1243,2.7052910011990843
1244,4.2416521895399635
1245,1.1794558739572476
1246,2.9364964312304243
1247,3.480567462955055
1248,3.204832588416223
1249,4.983241586238749
1250,3.527039330605815
1251,1.917381392824135
1252,2.5750792834753127
1253,2.8235580772831192
1254,4.006782794214299
1255,3.8286148307527217
1256,3.331591234664783
1257,3.466090638925884
1258,3.345375753283114
1259,3.408936200064524
1260,3.341453301990722
1261,4.960516650899775
1262,4.04847626090449
1263,3.9360882629684997
1264,3.7032710708709224
1265,3.79620261200055
1266,1.5732911575212067
1267,3.512802797795482
1268,2.1595396002178338
1269,4.827610207549409
1270,3.2327963464063547
1271,3.2991753951552276
1272,4.621097722610863
1273,2.163699057420622
1274,1.6257150623515555
1275,3.4238245574630137
1276,3.5024058074538407
1277,3.611422811459214
1278,2.7210256470656233
1279,3.336971867490841
1280,2.466896571166082
1281,1.5984226570881241
1282,3.7225044011178863
1283,3.1168770894757385
1284,1.6572659081527563
1285,1.532235643700766
1286,1.8609484427682272
1287,3.3693959398720184
1288,2.073266130215091
1289,3.293493828047768
1290,1.6242170809578533
1291,2.743384032933156
1292,3.4119262905340935
1293,2.1358131959797966
1294,2.305844389580206
1295,1.6591176964083871
1296,4.0399779577271575
1297,2.509360479418725
1298,3.030407754931568
1299,1.2211668402442497
1300,2.397290194269768
1301,3.0522664994129642
1302,3.7065586539826834
1303,3.077037610445342
1304,1.229660693061922
1305,2.9498593644433053
1306,2.9838771133666877
1307,3.3922250864293786
1308,3.501636536039955
1309,2.0726379019453063
1310,2.928299614182528
1311,3.6318388279617744
1312,3.7704189704041644
1313,2.0720924988617524
1314,2.241275030878646
1315,3.245330708014506
1316,2.632885336193689
1317,2.7124155478690306
1318,3.8466749234058124
1319,3.1494554946018574
1320,3.5828948193347547
1321,3.6138930723777145
1322,1.9281520519534714
1323,3.7383933628187584
1324,2.9535551353386147
1325,1.390499630176211
1326,3.2370456207613314
1327,3.2364442690271975
1328,3.359255487514905
1329,2.483469813463693
1330,3.9850267702268374
1331,2.220741952512699
1332,2.604115845594775
1333,4.083184851031113
1334,3.493294453083392
1335,3.2322569991405334
1336,4.7283885855092995
1337,2.7662574015243817
1338,1.1529184015607357
1339,3.217893947022
1340,2.5992320327947183
1341,2.655985349859125
1342,2.100378165901228
1343,1.9707005030031504
1344,2.3654459329313915
1345,3.3918644833156684
1346,1.8241898410840656
1347,3.4931144775619503
1348,2.456044362429269
1349,3.1528569623668132
1350,4.505063062103575
1351,2.5259497423815445
1352,3.20955102657766
1353,2.8645215523249163
1354,3.991433642357661
1355,1.494008312840442
1356,3.395249524273503
1357,2.5059218518622863
1358,1.6476735488938856
1359,2.0701817093338346
1360,2.4634457333952957
1361,3.161260212569626
1362,3.272978561015879
1363,3.806507603258344
1364,2.1176354631878134
1365,2.9197194196371026
1366,3.1348201306191372
1367,3.744463421906372
1368,1.9910432317876863
1369,2.853409819654931
1370,1.505780364903486
1371,2.704102059408096
1372,1.8789264589530854
1373,2.1515954515711124
1374,3.2698533755437493
1375,2.842932748752544
1376,2.272535572368822
1377,4.272724211868113
1378,3.9261069366696297
1379,2.951942584156291
1380,2.313725977523703
1381,3.578958496205082
1382,2.5347067993330987
1383,2.8285826657292814
1384,3.5115887644616035
1385,2.7664723241339964
1386,0.7544426367907517
1387,3.1187424377142747
1388,4.181769049685938
1389,3.330608946704118
1390,2.358430825719729
1391,4.600621936859934
1392,1.7520869375193566
1393,4.559660467910376
1394,2.593923770740023
1395,1.600748533023438
1396,3.6033644840993073
1397,3.766959320148877
1398,3.36180667979216
1399,3.6032809543347755
1400,4.10255236041662
1401,3.4109384170778876
1402,4.199534335105417
1403,3.4786892537021217
1404,3.7849988755416293
1405,2.5677166495063646
1406,2.51725258272754
1407,2.0185745197386846
1408,3.724829790905619
1409,2.437013945235088
1410,2.6851827102482067
1411,2.7348622281092365
1412,2.8025143749264307
1413,0.6232422222409828
1414,1.8237009599549647
1415,3.4306509936505085
1416,1.2344067486296182
1417,4.214113551069882
1418,3.4557701059792003
1419,2.466826927406877
1420,2.8795622510243155
1421,2.8809447555135126
1422,3.6993000675116674
1423,3.319170242851849
1424,4.138441682876716
1425,4.576845492697688
1426,4.15164370383633
1427,2.7844806168354195
1428,3.511345947633853
1429,3.0365310066503195
1430,3.6046572481067862
1431,0.49868899441546066
1432,1.4042423575401801
1433,5.456307823413863
1434,3.4764239809098436
1435,4.541533379498245
1436,4.1083305038411275
1437,2.387178302505217
1438,2.4272710762273686
1439,3.2747751127459597
1440,3.0711853704398666
1441,1.9050640136955361
1442,1.2911149155973425
1443,3.569146243201758
1444,3.938668092690343
1445,1.4536149935829183
1446,2.973294218477879
1447,5.206561866039534
1448,2.3592670568865994
1449,3.084735828330923
1450,3.147581054448573
1451,4.46352335449629
1452,2.4539641917413277
1453,1.9845790914966133
1454,4.739767092175386
1455,3.5473256972772678
1456,1.8202609685347972
1457,2.460026507912096
1458,2.1580259087832174
1459,3.89222755615464
1460,1.8101770660066414
1461,3.93338248080166
1462,4.2466007465177515
1463,3.5247904593050245
1464,2.120374472720731
1465,2.836495351879647
1466,4.6775827409394
1467,2.416431807807607
1468,3.28816429603853
1469,4.568179694288547
1470,2.5079777127077283
1471,3.896598530665937
1472,5.358157150086603
1473,4.040014585384711
1474,3.1079702973927676
1475,3.191785663642014
1476,2.205327069258775
1477,3.6534775673297366
1478,2.9348527713309487
1479,1.3342528572366978
1480,3.3602552326338078
1481,2.004518954334249
1482,3.4225095587743875
1483,5.222351892819166
1484,2.1403304106468886
1485,3.2715703859431375
1486,3.4305402785989245
1487,2.5963156600001347
1488,4.071201587435835
1489,3.9042460325964625
1490,2.8143063670798023
1491,2.570556765242202
1492,2.0271694147097463
1493,4.430490649989778
1494,2.929407675838498
1495,3.8028509221410554
1496,2.6983690986122135
1497,2.442098792994874
1498,1.76985808232393
1499,2.635088242864549
1500,4.079008489778585
1501,2.735824329095414
1502,3.713123379797404
1503,4.990225177941622
1504,3.96135940766747
1505,2.847149755597867
1506,5.494901408132501
1507,2.537552478550791
1508,2.126643482552448
1509,2.2029230461339746
1510,3.853234876817914
1511,2.2693850390223993
1512,3.383191217547422
1513,5.10560883671752
1514,3.4588003923371997
1515,2.555445978952255
1516,2.6808624605769413
1517,1.692640930280394
1518,4.0272999364682445
1519,4.794948243670579
1520,4.291364628201886
1521,2.4314574834591856
1522,2.945525158146298
1523,1.647400485863808
1524,3.7323186838924998
1525,1.9560776340627295
1526,3.3263012194380575
1527,3.14883579240552
1528,3.438935371376575
1529,2.582445752625357
1530,3.0584813050891575
1531,2.556497399442162
1532,1.2125205641508416
1533,1.9569035922520814
1534,2.672795694248848
1535,4.454074618855186
1536,5.175086370099796
1537,3.508623847497349
1538,3.8753402577950196
1539,2.56838075851799
1540,2.0467201622588185
1541,3.5225639425819706
1542,2.1739282917831027
1543,2.63550007221406
1544,4.067318112371701
1545,3.2353614650082636
1546,3.0234232172669557
1547,3.2180291357507906
1548,1.788280582363429
1549,3.002668847219552
1550,3.3088920379908613
1551,2.5544728874285196
1552,2.9143812650354888
1553,2.800145692839535
1554,3.386711090890081
1555,4.052463142221066
1556,3.8486691735995113
1557,3.060958620564644
1558,-0.11264494360563448
1559,2.782987315125092
1560,4.412157134574382
1561,3.4636197306041394
1562,1.687119117784658
1563,3.243872143006352
1564,4.438667634932099
1565,1.9963952839235397
1566,2.3360462117289282
1567,4.202059134280659
1568,2.7854215393104216
1569,2.8052112508517055
1570,4.155512283996803
1571,3.699514650904633
1572,5.013521641439951
1573,2.917401645466112
1574,4.908374613598536
1575,2.919474184832575
1576,2.128620517115179
1577,2.03217634404277
1578,1.4351645908307882
1579,1.8429744928943494
1580,1.6080665682462971
1581,3.4854032166198814
1582,2.5055051622176467
1583,5.056741929926364
1584,1.859229305157266
1585,2.6138054811566627
1586,4.0208881130508685
1587,3.3518074290526565
1588,4.082441000191701
1589,2.2919064000490748
1590,3.7232169795556778
1591,1.8897192884849312
1592,4.288046050706703
1593,1.9959995836505826
1594,1.166717592571929
1595,3.284299407760708
1596,3.032230226736904
1597,1.729685490344137
1598,2.633233291025086
1599,1.5686338950411822
1600,4.301955311884155
1601,3.5943608340231896
1602,3.2515168509897987
1603,4.257599291186411
1604,2.3344958004605827
1605,2.0244556144954395
1606,1.5138758996809698
1607,2.5478388997595003
1608,2.857094461956871
1609,0.9525261360832116
1610,4.18685314109978
1611,1.888833163992205
1612,1.766182850892213
1613,2.932828893913042
1614,2.8268639089950445
1615,4.1800807557041395
1616,3.646721846088104
1617,4.309751058368984
1618,2.116059236276956
1619,4.011886741683785
1620,3.353192893577618
1621,3.168330163328475
1622,3.4690786322802807
1623,1.2159223762488274
1624,3.284075380726838
1625,1.6819012294663342
1626,3.5130511975250407
1627,3.6431092770864417
1628,3.0669936215507425
1629,3.6358077374485545
1630,3.7015886980914434
1631,4.9463578933751124
1632,2.8443503098461127
1633,2.052496863755933
1634,2.7119456237047417
1635,2.152090866657389
1636,2.1720942232937226
1637,4.633273485287356
1638,2.8810366128999756
1639,3.7349613493331937
1640,2.155264202591069
1641,2.1943904507989025
1642,2.30500551363807
1643,2.682817726476145
1644,3.8383799085718047
1645,3.4122441187978647
1646,2.6128765001807297
1647,3.521309521503057
1648,1.4419022752451858
1649,2.645465277907141
1650,3.0503306246872057
1651,2.3149317307387016
1652,2.4704033242530947
1653,3.0663050745563534
1654,2.5611011782590665
1655,3.2232406779627842
1656,3.7736240619115473
1657,2.2604530553524294
1658,2.0510215609459057
1659,2.8986723028255863
1660,2.0539571667400924
1661,1.9494457198191744
1662,1.9936870309821473
1663,0.6181711929848355
1664,3.6651721549450684
1665,2.5067769480065953
1666,4.495045138204198
1667,4.374085119967985
1668,2.895656210936573
1669,5.100381056130825
1670,4.0442085567553026
1671,1.0579025960745594
1672,3.344068119193101
1673,2.44234555765926
1674,3.861514556563385
1675,3.226952471048941
1676,2.687950212911609
1677,3.4184446148502245
1678,3.5819669596331707
1679,2.7063059987194267
1680,0.49633335992447725
1681,2.5684061555085815
1682,1.9873159539416736
1683,4.161102700321424
1684,1.033795247143717
1685,1.1312248864362635
1686,2.553212359339044
1687,3.1841844462733735
1688,3.6997465495963078
1689,2.3849289350382112
1690,0.8667112508105643
1691,3.7467426456147086
1692,2.3652397687592845
1693,2.766544896102808
1694,4.188137206284372
1695,2.942854783370121
1696,1.465592721002229
1697,4.060062885270803
1698,1.1818235948437361
1699,2.8644761688700235
1700,3.7320742668810114
1701,4.606829163235261
1702,3.149351511641666
1703,2.4071550794705208
1704,3.0840091506695932
1705,2.395849695602389
1706,3.649570410630966
1707,2.579900357579739
1708,3.7466529829211908
1709,2.330498544626595
1710,2.918646567084914
1711,3.8431449049981854
1712,3.967119483599008
1713,3.8163908595546903
1714,4.4530925564082064
1715,2.022799414764633
1716,3.1553456942812423
1717,4.1248330650253076
1718,3.1268733719875432
1719,2.5770448632162535
1720,2.9811006901545496
1721,3.0644782166057896
1722,2.425945928043242
1723,2.1765013493954037
1724,2.6117800106784133
1725,3.3935711705014606
1726,2.090980169160177
1727,2.3830626112240685
1728,3.212173205075497
1729,2.2556836559739843
1730,2.018235132951974
1731,1.3965520629978485
1732,3.3511120772022474
1733,5.178443589355428
1734,1.2467673641116572
1735,3.320083786670707
1736,1.111998333566208
1737,3.527812258802973
1738,3.4171752007652967
1739,3.1128675846931673
1740,3.052723472602928
1741,4.528663572937588
1742,3.805306928124245
1743,4.219424837790314
1744,3.135619704043064
1745,2.7846562749528494
1746,1.7013982123256186
1747,2.676588282464603
1748,3.1177929252889123
1749,3.9387183160017583
1750,2.3428749124149038
1751,3.6000011237263654
1752,1.9262021717783344
1753,2.259491640617024
1754,3.6536685981182977
1755,2.300674369480799
1756,1.9625929642030862
1757,3.8438785696473343
1758,4.810353336475437
1759,1.6088679431916295
1760,2.839034451659368
1761,2.686501244201044
1762,2.84115108147823
1763,1.470228605903329
1764,3.0515564875776913
1765,1.8932701318725742
1766,4.0185992395608565
1767,1.3334777682500663
1768,2.3660344056586617
1769,2.071910685900786
1770,3.4211518929631315
1771,5.327135836667106
1772,2.6778829820988466
1773,4.502972012860246
1774,2.01188633300407
1775,2.706021189130204
1776,3.2800391179542805
1777,2.510017419360503
1778,0.9647598163084887
1779,2.7095937621010595
1780,3.9554787247688146
1781,1.9647179433058024
1782,4.775203665036091
1783,3.3892472725764446
1784,2.3481593932100484
1785,2.9707779589749443
1786,3.2545646895199214
1787,1.7622748254015266
1788,2.8587158553523544
1789,2.9987090694278202
1790,4.038499547337889
1791,0.7523295012653541
1792,2.298904408446363
1793,2.2893836144030497
1794,3.5533964303223815
1795,3.8278626071357316
1796,2.5370982501387136
1797,3.2383809088373314
1798,3.0123581918728326
1799,2.4536823201659805
1800,1.13073182169662
1801,2.3097701553833154
1802,3.560321216593957
1803,3.5238800309445546
1804,2.8272626350663583
1805,0.7387134061174794
1806,4.208596226666974
1807,3.2644691867502362
1808,2.0615241354060174
1809,2.289123094452333
1810,2.4298348412933914
1811,3.48896592635138
1812,1.4221466095179185
1813,3.297027920498204
1814,3.1777555713789676
1815,3.506105730381188
1816,3.7609597202145952
1817,1.2221932537646119
1818,5.397813942922756
1819,2.521930654839185
1820,1.9679350699688685
1821,4.222312389633096
1822,2.991411535042821
1823,2.798522584503913
1824,3.8067733621042144
1825,4.717695107371244
1826,2.7400727758308157
1827,1.2543777400228189
1828,3.9263507506475146
1829,1.2198720951662252
1830,2.0211385910058643
1831,3.2764031392322464
1832,1.1644607324335157
1833,3.2019385913375853
1834,1.179268128957429
1835,3.9901802509094138
1836,2.5361126168113133
1837,2.8861122504639476
1838,2.238646455467119
1839,3.0591142273459697
1840,2.8409104354262467
1841,2.6200448581235247
1842,1.3414201189802766
1843,3.2883211413416524
1844,0.972931048242256
1845,2.2162841745932926
1846,2.5546975891813535
1847,0.5700758848335807
1848,3.6741395177077605
1849,2.7934817636111693
1850,1.611537718512409
1851,3.938995149929557
1852,2.7254838979041023
1853,1.9539133101384907
1854,2.364133226551607
1855,4.573908760480517
1856,3.8161888202268037
1857,4.825805806443489
1858,1.2233852028224372
1859,1.1553343541872183
1860,3.3505989112838317
1861,3.9138480681086802
1862,3.1047434082486016
1863,3.0664238181189396
1864,3.90113478061616
1865,2.892811920036163
1866,1.6732918178454053
1867,3.1303783904328695
1868,2.772952755073729
1869,2.414219418784423
1870,4.40469976548858
1871,2.6541087606014617
1872,3.261098018711781
1873,1.630630794342069
1874,3.618749572902047
1875,2.5953142499649227
1876,1.134178315136557
1877,4.170885395472746
1878,3.4401290213598563
1879,2.057569981617376
1880,2.699596715314941
1881,1.8757911369255311
1882,3.758368436127284
1883,1.6023889145306607
1884,3.949562565823739
1885,3.7735832486923737
1886,2.9122272538375706
1887,4.917607307200684
1888,2.3045465209035125
1889,3.8115056816332644
1890,2.36700509588231
1891,3.2170948692875236
1892,3.292741076635003
1893,2.8179800582028016
1894,2.685349433284718
1895,3.058657010683811
1896,2.045674473734948
1897,3.7948392494322873
1898,3.7091957502058994
1899,4.288057696708551
1900,3.4906995748003244
1901,3.313194957307959
1902,3.430574453216993
1903,1.6559086930534672
1904,2.371390061090856
1905,2.1519006204941142
1906,0.7073800104084906
1907,2.58850305390476
1908,3.4477473864952204
1909,3.0116166271206426
1910,2.5926955325691114
1911,1.267671227193087
1912,3.3096067475656543
1913,2.5993428853710787
1914,3.3623645169684573
1915,0.945077827676414
1916,4.000638408964072
1917,3.6751119905800196
1918,2.5983098646440803
1919,2.51316128492759
1920,4.173747545223909
1921,3.2235398872378447
1922,3.1619112982641817
1923,1.770437890219821
1924,4.620669856558999
1925,4.674336400260316
1926,2.9892553028081283
1927,4.348596743537673
1928,1.8513700846552128
1929,3.0200154593547395
1930,3.6000614212455146
1931,2.3568788501172246
1932,2.9407065631598073
1933,3.4783150407242833
1934,3.224809770720205
1935,3.5174132355862913
1936,3.0060119611972573
1937,2.30350137940037
1938,0.7470254002762147
1939,3.2045818491337372
1940,2.6093679209046234
1941,4.422112277528609
1942,3.371039938388763
1943,4.0016086374538125
1944,2.3804442597109015
1945,3.144788617110347
1946,2.774875221869063
1947,4.132185520442966
1948,3.8151157847486927
1949,4.3170824999276824
1950,4.385031875653754
1951,3.163747733396901
1952,2.6332877932438525
1953,2.004794309050075
1954,2.6780572759277694
1955,3.043402624073623
1956,2.7526663276706467
1957,5.216064445819741
1958,2.9248592347642948
1959,2.900291124768782
1960,3.196935055195751
1961,3.1565749516439134
1962,3.844145630203352
1963,4.01508587402037
1964,3.836733930671473
1965,2.8308121929680863
1966,2.2805088841254326
1967,3.013664313177226
1968,3.944041321380193
1969,1.8420600211216036
1970,3.518433365998075
1971,2.3307133943773746
1972,2.9107839858550673
1973,2.7996397058099585
1974,2.7893310960101116
1975,3.637670855419678
1976,4.453863641147437
1977,2.593720823303782
1978,3.1237900346866327
1979,3.9826796116564984
1980,2.2635977098224744
1981,3.3709675126228817
1982,4.279689347091832
1983,2.5839380487423282
1984,1.7429836307021183
1985,1.1799806704576388
1986,2.8635607003670294
1987,0.8695723801246134
1988,2.419575065069428
1989,2.286931929186776
1990,3.5342365072232838
1991,3.293705121034891
1992,1.3945761925872353
1993,1.6961095022014958
1994,3.518209650172605
1995,3.6332427548510853
1996,4.1526252791101275
1997,3.3722333845315235
1998,3.6122461951617493
1999,4.710275068126874
2000,-1.0
2001,-0.9959979989994997
2002,-0.9919959979989995
2003,-0.9879939969984992
2004,-0.983991995997999
2005,-0.9799899949974987
2006,-0.9759879939969985
2007,-0.9719859929964982
2008,-0.967983991995998
2009,-0.9639819909954978
2010,-0.9599799899949975
2011,-0.9559779889944973
2012,-0.951975987993997
2013,-0.9479739869934968
2014,-0.9439719859929965
2015,-0.9399699849924963
2016,-0.935967983991996
2017,-0.9319659829914958
2018,-0.9279639819909955
2019,-0.9239619809904953
2020,-0.919959979989995
2021,-0.9159579789894947
2022,-0.9119559779889945
2023,-0.9079539769884942
2024,-0.903951975987994
2025,-0.8999499749874937
2026,-0.8959479739869936
2027,-0.8919459729864933
2028,-0.887943971985993
2029,-0.8839419709854928
2030,-0.8799399699849925
2031,-0.8759379689844923
2032,-0.871935967983992
2033,-0.8679339669834918
2034,-0.8639319659829915
2035,-0.8599299649824912
2036,-0.855927963981991
2037,-0.8519259629814908
2038,-0.8479239619809905
2039,-0.8439219609804902
2040,-0.83991995997999
2041,-0.8359179589794897
2042,-0.8319159579789895
2043,-0.8279139569784892
2044,-0.823911955977989
2045,-0.8199099549774888
2046,-0.8159079539769885
2047,-0.8119059529764883
2048,-0.8079039519759881
2049,-0.8039019509754878
2050,-0.7998999499749875
2051,-0.7958979489744873
2052,-0.791895947973987
2053,-0.7878939469734867
2054,-0.7838919459729865
2055,-0.7798899449724863
2056,-0.775887943971986
2057,-0.7718859429714857
2058,-0.7678839419709855
2059,-0.7638819409704852
2060,-0.759879939969985
2061,-0.7558779389694847
2062,-0.7518759379689846
2063,-0.7478739369684843
2064,-0.743871935967984
2065,-0.7398699349674838
2066,-0.7358679339669836
2067,-0.7318659329664833
2068,-0.727863931965983
2069,-0.7238619309654828
2070,-0.7198599299649825
2071,-0.7158579289644822
2072,-0.711855927963982
2073,-0.7078539269634818
2074,-0.7038519259629815
2075,-0.6998499249624812
2076,-0.695847923961981
2077,-0.6918459229614808
2078,-0.6878439219609804
2079,-0.6838419209604802
2080,-0.67983991995998
2081,-0.6758379189594798
2082,-0.6718359179589795
2083,-0.6678339169584793
2084,-0.6638319159579791
2085,-0.6598299149574788
2086,-0.6558279139569785
2087,-0.6518259129564783
2088,-0.647823911955978
2089,-0.6438219109554777
2090,-0.6398199099549775
2091,-0.6358179089544773
2092,-0.631815907953977
2093,-0.6278139069534767
2094,-0.6238119059529765
2095,-0.6198099049524763
2096,-0.615807903951976
2097,-0.6118059029514757
2098,-0.6078039019509756
2099,-0.6038019009504753
2100,-0.599799899949975
2101,-0.5957978989494748
2102,-0.5917958979489746
2103,-0.5877938969484743
2104,-0.583791895947974
2105,-0.5797898949474738
2106,-0.5757878939469735
2107,-0.5717858929464732
2108,-0.567783891945973
2109,-0.5637818909454728
2110,-0.5597798899449725
2111,-0.5557778889444722
2112,-0.551775887943972
2113,-0.5477738869434718
2114,-0.5437718859429715
2115,-0.5397698849424712
2116,-0.5357678839419711
2117,-0.5317658829414708
2118,-0.5277638819409705
2119,-0.5237618809404703
2120,-0.5197598799399701
2121,-0.5157578789394698
2122,-0.5117558779389695
2123,-0.5077538769384693
2124,-0.503751875937969
2125,-0.4997498749374688
2126,-0.4957478739369685
2127,-0.4917458729364683
2128,-0.487743871935968
2129,-0.4837418709354677
2130,-0.47973986993496753
2131,-0.47573786893446723
2132,-0.47173586793396705
2133,-0.46773386693346675
2134,-0.46373186593296656
2135,-0.45972986493246626
2136,-0.45572786393196607
2137,-0.45172586293146577
2138,-0.44772386193096547
2139,-0.4437218609304653
2140,-0.439719859929965
2141,-0.4357178589294648
2142,-0.4317158579289645
2143,-0.4277138569284643
2144,-0.423711855927964
2145,-0.4197098549274638
2146,-0.4157078539269635
2147,-0.4117058529264632
2148,-0.40770385192596303
2149,-0.40370185092546274
2150,-0.39969984992496255
2151,-0.39569784892446225
2152,-0.39169584792396206
2153,-0.38769384692346176
2154,-0.38369184592296157
2155,-0.3796898449224613
2156,-0.375687843921961
2157,-0.3716858429214608
2158,-0.3676838419209605
2159,-0.3636818409204603
2160,-0.35967983991996
2161,-0.3556778389194598
2162,-0.3516758379189595
2163,-0.3476738369184593
2164,-0.343671835917959
2165,-0.3396698349174587
2166,-0.33566783391695854
2167,-0.33166583291645824
2168,-0.32766383191595805
2169,-0.32366183091545775
2170,-0.31965982991495756
2171,-0.31565782891445726
2172,-0.3116558279139571
2173,-0.3076538269134568
2174,-0.3036518259129565
2175,-0.2996498249124563
2176,-0.295647823911956
2177,-0.2916458229114558
2178,-0.2876438219109555
2179,-0.2836418209104553
2180,-0.279639819909955
2181,-0.2756378189094548
2182,-0.2716358179089545
2183,-0.2676338169084542
2184,-0.26363181590795404
2185,-0.25962981490745374
2186,-0.25562781390695355
2187,-0.25162581290645325
2188,-0.24762381190595306
2189,-0.24362181090545276
2190,-0.23961980990495257
2191,-0.23561780890445227
2192,-0.2316158079039521
2193,-0.2276138069034518
2194,-0.2236118059029515
2195,-0.2196098049024513
2196,-0.215607803901951
2197,-0.2116058029014508
2198,-0.2076038019009505
2199,-0.20360180090045032
2200,-0.19959979989995003
2201,-0.19559779889944984
2202,-0.19159579789894954
2203,-0.18759379689844924
2204,-0.18359179589794905
2205,-0.17958979489744875
2206,-0.17558779389694856
2207,-0.17158579289644826
2208,-0.16758379189594808
2209,-0.16358179089544778
2210,-0.1595797898949476
2211,-0.1555777888944473
2212,-0.151575787893947
2213,-0.1475737868934468
2214,-0.1435717858929465
2215,-0.1395697848924463
2216,-0.13556778389194601
2217,-0.13156578289144583
2218,-0.12756378189094553
2219,-0.12356178089044534
2220,-0.11955977988994504
2221,-0.11555777888944474
2222,-0.11155577788894455
2223,-0.10755377688844425
2224,-0.10355177588794406
2225,-0.09954977488744376
2226,-0.09554777388694358
2227,-0.09154577288644328
2228,-0.08754377188594309
2229,-0.08354177088544279
2230,-0.07953976988494249
2231,-0.0755377688844423
2232,-0.071535767883942
2233,-0.06753376688344181
2234,-0.06353176588294152
2235,-0.05952976488244133
2236,-0.05552776388194103
2237,-0.05152576288144084
2238,-0.04752376188094054
2239,-0.04352176088044024
2240,-0.03951975987994005
2241,-0.035517758879439754
2242,-0.031515757878939565
2243,-0.027513756878439266
2244,-0.023511755877939078
2245,-0.01950975487743878
2246,-0.01550775387693859
2247,-0.011505752876438291
2248,-0.007503751875937992
2249,-0.0035017508754378035
2250,0.0005002501250623848
2251,0.004502251125562795
2252,0.008504252126062983
2253,0.012506253126563172
2254,0.01650825412706336
2255,0.02051025512756377
2256,0.02451225612806396
2257,0.028514257128564147
2258,0.03251625812906456
2259,0.036518259129564745
2260,0.04052026013006493
2261,0.04452226113056512
2262,0.04852426213106553
2263,0.05252626313156572
2264,0.05652826413206591
2265,0.0605302651325661
2266,0.06453226613306651
2267,0.0685342671335667
2268,0.07253626813406688
2269,0.0765382691345673
2270,0.08054027013506748
2271,0.08454227113556767
2272,0.08854427213606786
2273,0.09254627313656827
2274,0.09654827413706846
2275,0.10055027513756865
2276,0.10455227613806906
2277,0.10855427713856924
2278,0.11255627813906943
2279,0.11655827913956962
2280,0.12056028014007003
2281,0.12456228114057022
2282,0.1285642821410704
2283,0.1325662831415706
2284,0.136568284142071
2285,0.1405702851425712
2286,0.14457228614307138
2287,0.1485742871435718
2288,0.15257628814407198
2289,0.15657828914457217
2290,0.16058029014507236
2291,0.16458229114557277
2292,0.16858429214607296
2293,0.17258629314657314
2294,0.17658829414707355
2295,0.18059029514757374
2296,0.18459229614807393
2297,0.18859429714857412
2298,0.19259629814907453
2299,0.19659829914957472
2300,0.2006003001500749
2301,0.2046023011505751
2302,0.2086043021510755
2303,0.2126063031515757
2304,0.21660830415207588
2305,0.2206103051525763
2306,0.22461230615307648
2307,0.22861430715357667
2308,0.23261630815407686
2309,0.23661830915457727
2310,0.24062031015507745
2311,0.24462231115557764
2312,0.24862431215607805
2313,0.25262631315657824
2314,0.25662831415707843
2315,0.2606303151575786
2316,0.26463231615807903
2317,0.2686343171585792
2318,0.2726363181590794
2319,0.2766383191595796
2320,0.28064032016008
2321,0.2846423211605802
2322,0.2886443221610804
2323,0.2926463231615808
2324,0.296648324162081
2325,0.30065032516258117
2326,0.30465232616308136
2327,0.30865432716358177
2328,0.31265632816408195
2329,0.31665832916458214
2330,0.32066033016508255
2331,0.32466233116558274
2332,0.32866433216608293
2333,0.3326663331665831
2334,0.3366683341670835
2335,0.3406703351675837
2336,0.3446723361680839
2337,0.3486743371685841
2338,0.3526763381690845
2339,0.3566783391695847
2340,0.3606803401700849
2341,0.3646823411705853
2342,0.3686843421710855
2343,0.37268634317158567
2344,0.37668834417208585
2345,0.38069034517258626
2346,0.38469234617308645
2347,0.38869434717358664
2348,0.39269634817408705
2349,0.39669834917458724
2350,0.4007003501750874
2351,0.4047023511755876
2352,0.408704352176088
2353,0.4127063531765882
2354,0.4167083541770884
2355,0.4207103551775886
2356,0.424712356178089
2357,0.4287143571785892
2358,0.4327163581790894
2359,0.4367183591795898
2360,0.44072036018009
2361,0.44472236118059016
2362,0.44872436218109035
2363,0.45272636318159076
2364,0.45672836418209095
2365,0.46073036518259114
2366,0.46473236618309155
2367,0.46873436718359174
2368,0.4727363681840919
2369,0.4767383691845921
2370,0.4807403701850925
2371,0.4847423711855927
2372,0.4887443721860929
2373,0.4927463731865931
2374,0.4967483741870935
2375,0.5007503751875937
2376,0.5047523761880939
2377,0.5087543771885943
2378,0.5127563781890945
2379,0.5167583791895947
2380,0.5207603801900949
2381,0.5247623811905953
2382,0.5287643821910955
2383,0.5327663831915956
2384,0.5367683841920958
2385,0.5407703851925962
2386,0.5447723861930964
2387,0.5487743871935966
2388,0.552776388194097
2389,0.5567783891945972
2390,0.5607803901950974
2391,0.5647823911955976
2392,0.568784392196098
2393,0.5727863931965982
2394,0.5767883941970984
2395,0.5807903951975988
2396,0.584792396198099
2397,0.5887943971985992
2398,0.5927963981990994
2399,0.5967983991995998
2400,0.6008004002001
2401,0.6048024012006001
2402,0.6088044022011003
2403,0.6128064032016007
2404,0.6168084042021009
2405,0.6208104052026011
2406,0.6248124062031015
2407,0.6288144072036017
2408,0.6328164082041019
2409,0.6368184092046021
2410,0.6408204102051025
2411,0.6448224112056027
2412,0.6488244122061029
2413,0.6528264132066033
2414,0.6568284142071035
2415,0.6608304152076037
2416,0.6648324162081038
2417,0.6688344172086043
2418,0.6728364182091044
2419,0.6768384192096046
2420,0.6808404202101048
2421,0.6848424212106052
2422,0.6888444222111054
2423,0.6928464232116056
2424,0.696848424212106
2425,0.7008504252126062
2426,0.7048524262131064
2427,0.7088544272136066
2428,0.712856428214107
2429,0.7168584292146072
2430,0.7208604302151074
2431,0.7248624312156078
2432,0.728864432216108
2433,0.7328664332166082
2434,0.7368684342171083
2435,0.7408704352176088
2436,0.744872436218109
2437,0.7488744372186091
2438,0.7528764382191093
2439,0.7568784392196097
2440,0.7608804402201099
2441,0.7648824412206101
2442,0.7688844422211105
2443,0.7728864432216107
2444,0.7768884442221109
2445,0.7808904452226111
2446,0.7848924462231115
2447,0.7888944472236117
2448,0.7928964482241119
2449,0.7968984492246123
2450,0.8009004502251125
2451,0.8049024512256127
2452,0.8089044522261128
2453,0.8129064532266133
2454,0.8169084542271134
2455,0.8209104552276136
2456,0.8249124562281138
2457,0.8289144572286142
2458,0.8329164582291144
2459,0.8369184592296146
2460,0.840920460230115
2461,0.8449224612306152
2462,0.8489244622311154
2463,0.8529264632316156
2464,0.856928464232116
2465,0.8609304652326162
2466,0.8649324662331164
2467,0.8689344672336168
2468,0.872936468234117
2469,0.8769384692346172
2470,0.8809404702351173
2471,0.8849424712356178
2472,0.8889444722361179
2473,0.8929464732366181
2474,0.8969484742371183
2475,0.9009504752376187
2476,0.9049524762381189
2477,0.9089544772386191
2478,0.9129564782391195
2479,0.9169584792396197
2480,0.9209604802401199
2481,0.9249624812406201
2482,0.9289644822411205
2483,0.9329664832416207
2484,0.9369684842421209
2485,0.9409704852426213
2486,0.9449724862431215
2487,0.9489744872436217
2488,0.9529764882441218
2489,0.9569784892446223
2490,0.9609804902451224
2491,0.9649824912456226
2492,0.9689844922461228
2493,0.9729864932466232
2494,0.9769884942471234
2495,0.9809904952476236
2496,0.984992496248124
2497,0.9889944972486242
2498,0.9929964982491244
2499,0.9969984992496246
2500,1.0010005002501248
2501,1.0050025012506252
2502,1.0090045022511256
2503,1.0130065032516256
2504,1.017008504252126
2505,1.0210105052526264
2506,1.0250125062531263
2507,1.0290145072536268
2508,1.0330165082541267
2509,1.0370185092546271
2510,1.0410205102551275
2511,1.0450225112556275
2512,1.049024512256128
2513,1.0530265132566283
2514,1.0570285142571283
2515,1.0610305152576287
2516,1.0650325162581291
2517,1.069034517258629
2518,1.0730365182591295
2519,1.0770385192596295
2520,1.0810405202601299
2521,1.0850425212606303
2522,1.0890445222611302
2523,1.0930465232616307
2524,1.097048524262131
2525,1.101050525262631
2526,1.1050525262631314
2527,1.1090545272636319
2528,1.1130565282641318
2529,1.1170585292646322
2530,1.1210605302651322
2531,1.1250625312656326
2532,1.129064532266133
2533,1.133066533266633
2534,1.1370685342671334
2535,1.1410705352676338
2536,1.1450725362681338
2537,1.1490745372686342
2538,1.1530765382691346
2539,1.1570785392696346
2540,1.161080540270135
2541,1.1650825412706354
2542,1.1690845422711353
2543,1.1730865432716358
2544,1.1770885442721357
2545,1.1810905452726361
2546,1.1850925462731365
2547,1.1890945472736365
2548,1.193096548274137
2549,1.1970985492746373
2550,1.2011005502751373
2551,1.2051025512756377
2552,1.2091045522761381
2553,1.213106553276638
2554,1.2171085542771385
2555,1.2211105552776385
2556,1.2251125562781389
2557,1.2291145572786393
2558,1.2331165582791392
2559,1.2371185592796397
2560,1.24112056028014
2561,1.24512256128064
2562,1.2491245622811404
2563,1.2531265632816408
2564,1.2571285642821408
2565,1.2611305652826412
2566,1.2651325662831412
2567,1.2691345672836416
2568,1.273136568284142
2569,1.277138569284642
2570,1.2811405702851424
2571,1.2851425712856428
2572,1.2891445722861428
2573,1.2931465732866432
2574,1.2971485742871436
2575,1.3011505752876436
2576,1.305152576288144
2577,1.3091545772886444
2578,1.3131565782891443
2579,1.3171585792896447
2580,1.3211605802901447
2581,1.3251625812906451
2582,1.3291645822911455
2583,1.3331665832916455
2584,1.337168584292146
2585,1.3411705852926463
2586,1.3451725862931463
2587,1.3491745872936467
2588,1.353176588294147
2589,1.357178589294647
2590,1.3611805902951475
2591,1.3651825912956475
2592,1.3691845922961479
2593,1.3731865932966483
2594,1.3771885942971482
2595,1.3811905952976486
2596,1.385192596298149
2597,1.389194597298649
2598,1.3931965982991494
2599,1.3971985992996498
2600,1.4012006003001498
2601,1.4052026013006502
2602,1.4092046023011502
2603,1.4132066033016506
2604,1.417208604302151
2605,1.421210605302651
2606,1.4252126063031514
2607,1.4292146073036518
2608,1.4332166083041518
2609,1.4372186093046522
2610,1.4412206103051526
2611,1.4452226113056525
2612,1.449224612306153
2613,1.4532266133066534
2614,1.4572286143071533
2615,1.4612306153076537
2616,1.4652326163081537
2617,1.4692346173086541
2618,1.4732366183091545
2619,1.4772386193096545
2620,1.481240620310155
2621,1.4852426213106553
2622,1.4892446223111553
2623,1.4932466233116557
2624,1.497248624312156
2625,1.501250625312656
2626,1.5052526263131565
2627,1.5092546273136564
2628,1.5132566283141569
2629,1.5172586293146573
2630,1.5212606303151572
2631,1.5252626313156576
2632,1.529264632316158
2633,1.533266633316658
2634,1.5372686343171584
2635,1.5412706353176588
2636,1.5452726363181588
2637,1.5492746373186592
2638,1.5532766383191592
2639,1.5572786393196596
2640,1.56128064032016
2641,1.56528264132066
2642,1.5692846423211604
2643,1.5732866433216608
2644,1.5772886443221608
2645,1.5812906453226612
2646,1.5852926463231616
2647,1.5892946473236615
2648,1.593296648324162
2649,1.597298649324662
2650,1.6013006503251623
2651,1.6053026513256627
2652,1.6093046523261627
2653,1.6133066533266631
2654,1.6173086543271635
2655,1.6213106553276635
2656,1.625312656328164
2657,1.6293146573286643
2658,1.6333166583291643
2659,1.6373186593296647
2660,1.641320660330165
2661,1.645322661330665
2662,1.6493246623311655
2663,1.6533266633316654
2664,1.6573286643321659
2665,1.6613306653326663
2666,1.6653326663331662
2667,1.6693346673336666
2668,1.673336668334167
2669,1.677338669334667
2670,1.6813406703351674
2671,1.6853426713356678
2672,1.6893446723361678
2673,1.6933466733366682
2674,1.6973486743371682
2675,1.7013506753376686
2676,1.705352676338169
2677,1.709354677338669
2678,1.7133566783391694
2679,1.7173586793396698
2680,1.7213606803401698
2681,1.7253626813406702
2682,1.7293646823411706
2683,1.7333666833416705
2684,1.737368684342171
2685,1.741370685342671
2686,1.7453726863431713
2687,1.7493746873436717
2688,1.7533766883441717
2689,1.7573786893446721
2690,1.7613806903451725
2691,1.7653826913456725
2692,1.769384692346173
2693,1.7733866933466733
2694,1.7773886943471733
2695,1.7813906953476737
2696,1.785392696348174
2697,1.789394697348674
2698,1.7933966983491745
2699,1.7973986993496744
2700,1.8014007003501749
2701,1.8054027013506753
2702,1.8094047023511752
2703,1.8134067033516756
2704,1.817408704352176
2705,1.821410705352676
2706,1.8254127063531764
2707,1.8294147073536768
2708,1.8334167083541768
2709,1.8374187093546772
2710,1.8414207103551772
2711,1.8454227113556776
2712,1.849424712356178
2713,1.853426713356678
2714,1.8574287143571784
2715,1.8614307153576788
2716,1.8654327163581788
2717,1.8694347173586792
2718,1.8734367183591796
2719,1.8774387193596795
2720,1.88144072036018
2721,1.88544272136068
2722,1.8894447223611803
2723,1.8934467233616807
2724,1.8974487243621807
2725,1.9014507253626811
2726,1.9054527263631815
2727,1.9094547273636815
2728,1.913456728364182
2729,1.9174587293646823
2730,1.9214607303651823
2731,1.9254627313656827
2732,1.929464732366183
2733,1.933466733366683
2734,1.9374687343671835
2735,1.9414707353676834
2736,1.9454727363681839
2737,1.9494747373686843
2738,1.9534767383691842
2739,1.9574787393696846
2740,1.961480740370185
2741,1.965482741370685
2742,1.9694847423711854
2743,1.9734867433716858
2744,1.9774887443721858
2745,1.9814907453726862
2746,1.9854927463731862
2747,1.9894947473736866
2748,1.993496748374187
2749,1.997498749374687
2750,2.0015007503751874
2751,2.005502751375688
2752,2.0095047523761878
2753,2.013506753376688
2754,2.0175087543771886
2755,2.0215107553776885
2756,2.025512756378189
2757,2.029514757378689
2758,2.0335167583791893
2759,2.0375187593796897
2760,2.0415207603801897
2761,2.04552276138069
2762,2.0495247623811905
2763,2.0535267633816905
2764,2.057528764382191
2765,2.0615307653826913
2766,2.0655327663831913
2767,2.0695347673836917
2768,2.0735367683841917
2769,2.077538769384692
2770,2.0815407703851925
2771,2.0855427713856924
2772,2.089544772386193
2773,2.0935467733866933
2774,2.0975487743871932
2775,2.1015507753876936
2776,2.105552776388194
2777,2.109554777388694
2778,2.1135567783891944
2779,2.117558779389695
2780,2.121560780390195
2781,2.125562781390695
2782,2.129564782391195
2783,2.1335667833916956
2784,2.137568784392196
2785,2.141570785392696
2786,2.1455727863931964
2787,2.149574787393697
2788,2.1535767883941968
2789,2.157578789394697
2790,2.1615807903951976
2791,2.1655827913956975
2792,2.169584792396198
2793,2.173586793396698
2794,2.1775887943971983
2795,2.1815907953976987
2796,2.1855927963981987
2797,2.189594797398699
2798,2.1935967983991995
2799,2.1975987993996995
2800,2.2016008004002
2801,2.2056028014007003
2802,2.2096048024012003
2803,2.2136068034017007
2804,2.2176088044022007
2805,2.221610805402701
2806,2.2256128064032015
2807,2.2296148074037014
2808,2.233616808404202
2809,2.2376188094047023
2810,2.2416208104052022
2811,2.2456228114057026
2812,2.249624812406203
2813,2.253626813406703
2814,2.2576288144072034
2815,2.261630815407704
2816,2.265632816408204
2817,2.269634817408704
2818,2.273636818409204
2819,2.2776388194097046
2820,2.281640820410205
2821,2.285642821410705
2822,2.2896448224112054
2823,2.293646823411706
2824,2.2976488244122057
2825,2.301650825412706
2826,2.3056528264132066
2827,2.3096548274137065
2828,2.313656828414207
2829,2.317658829414707
2830,2.3216608304152073
2831,2.3256628314157077
2832,2.3296648324162077
2833,2.333666833416708
2834,2.3376688344172085
2835,2.3416708354177085
2836,2.345672836418209
2837,2.3496748374187093
2838,2.3536768384192093
2839,2.3576788394197097
2840,2.3616808404202096
2841,2.36568284142071
2842,2.3696848424212105
2843,2.3736868434217104
2844,2.377688844422211
2845,2.3816908454227113
2846,2.385692846423211
2847,2.3896948474237116
2848,2.393696848424212
2849,2.397698849424712
2850,2.4017008504252124
2851,2.405702851425713
2852,2.409704852426213
2853,2.413706853426713
2854,2.417708854427213
2855,2.4217108554277136
2856,2.425712856428214
2857,2.429714857428714
2858,2.4337168584292144
2859,2.437718859429715
2860,2.4417208604302147
2861,2.445722861430715
2862,2.4497248624312156
2863,2.4537268634317155
2864,2.457728864432216
2865,2.461730865432716
2866,2.4657328664332163
2867,2.4697348674337167
2868,2.4737368684342167
2869,2.477738869434717
2870,2.4817408704352175
2871,2.4857428714357175
2872,2.489744872436218
2873,2.4937468734367183
2874,2.4977488744372183
2875,2.5017508754377187
2876,2.5057528764382186
2877,2.509754877438719
2878,2.5137568784392195
2879,2.5177588794397194
2880,2.52176088044022
2881,2.5257628814407203
2882,2.52976488244122
2883,2.5337668834417206
2884,2.537768884442221
2885,2.541770885442721
2886,2.5457728864432214
2887,2.549774887443722
2888,2.553776888444222
2889,2.557778889444722
2890,2.561780890445222
2891,2.5657828914457226
2892,2.569784892446223
2893,2.573786893446723
2894,2.5777888944472234
2895,2.5817908954477238
2896,2.5857928964482237
2897,2.589794897448724
2898,2.5937968984492246
2899,2.5977988994497245
2900,2.601800900450225
2901,2.605802901450725
2902,2.6098049024512253
2903,2.6138069034517257
2904,2.6178089044522257
2905,2.621810905452726
2906,2.6258129064532265
2907,2.6298149074537265
2908,2.633816908454227
2909,2.6378189094547273
2910,2.6418209104552273
2911,2.6458229114557277
2912,2.6498249124562276
2913,2.653826913456728
2914,2.6578289144572285
2915,2.6618309154577284
2916,2.665832916458229
2917,2.6698349174587293
2918,2.673836918459229
2919,2.6778389194597296
2920,2.68184092046023
2921,2.68584292146073
2922,2.6898449224612304
2923,2.6938469234617304
2924,2.697848924462231
2925,2.701850925462731
2926,2.705852926463231
2927,2.7098549274637316
2928,2.713856928464232
2929,2.717858929464732
2930,2.7218609304652324
2931,2.7258629314657328
2932,2.7298649324662327
2933,2.733866933466733
2934,2.7378689344672336
2935,2.7418709354677335
2936,2.745872936468234
2937,2.749874937468734
2938,2.7538769384692343
2939,2.7578789394697347
2940,2.7618809404702347
2941,2.765882941470735
2942,2.7698849424712355
2943,2.7738869434717355
2944,2.777888944472236
2945,2.7818909454727363
2946,2.7858929464732363
2947,2.7898949474737367
2948,2.7938969484742366
2949,2.797898949474737
2950,2.8019009504752375
2951,2.8059029514757374
2952,2.809904952476238
2953,2.8139069534767382
2954,2.817908954477238
2955,2.8219109554777386
2956,2.825912956478239
2957,2.829914957478739
2958,2.8339169584792394
2959,2.8379189594797394
2960,2.84192096048024
2961,2.84592296148074
2962,2.84992496248124
2963,2.8539269634817406
2964,2.857928964482241
2965,2.861930965482741
2966,2.8659329664832414
2967,2.8699349674837418
2968,2.8739369684842417
2969,2.877938969484742
2970,2.8819409704852426
2971,2.8859429714857425
2972,2.889944972486243
2973,2.893946973486743
2974,2.8979489744872433
2975,2.9019509754877437
2976,2.9059529764882437
2977,2.909954977488744
2978,2.9139569784892445
2979,2.9179589794897445
2980,2.921960980490245
2981,2.9259629814907453
2982,2.9299649824912453
2983,2.9339669834917457
2984,2.9379689844922456
2985,2.941970985492746
2986,2.9459729864932465
2987,2.9499749874937464
2988,2.953976988494247
2989,2.9579789894947472
2990,2.961980990495247
2991,2.9659829914957476
2992,2.969984992496248
2993,2.973986993496748
2994,2.9779889944972484
2995,2.9819909954977484
2996,2.985992996498249
2997,2.989994997498749
2998,2.993996998499249
2999,2.9979989994997496
3000,3.0020010005002495
3001,3.0060030015007504
3002,3.0100050025012504
3003,3.0140070035017503
3004,3.018009004502251
3005,3.022011005502751
3006,3.026013006503251
3007,3.030015007503752
3008,3.034017008504252
3009,3.038019009504752
3010,3.0420210105052528
3011,3.0460230115057527
3012,3.0500250125062527
3013,3.0540270135067527
3014,3.0580290145072535
3015,3.0620310155077535
3016,3.0660330165082534
3017,3.0700350175087543
3018,3.0740370185092543
3019,3.0780390195097542
3020,3.082041020510255
3021,3.086043021510755
3022,3.090045022511255
3023,3.094047023511756
3024,3.098049024512256
3025,3.102051025512756
3026,3.1060530265132567
3027,3.1100550275137566
3028,3.1140570285142566
3029,3.1180590295147574
3030,3.1220610305152574
3031,3.1260630315157574
3032,3.1300650325162582
3033,3.134067033516758
3034,3.138069034517258
3035,3.142071035517759
3036,3.146073036518259
3037,3.150075037518759
3038,3.154077038519259
3039,3.1580790395197598
3040,3.1620810405202597
3041,3.1660830415207597
3042,3.1700850425212606
3043,3.1740870435217605
3044,3.1780890445222605
3045,3.1820910455227613
3046,3.1860930465232613
3047,3.1900950475237613
3048,3.194097048524262
3049,3.198099049524762
3050,3.202101050525262
3051,3.206103051525763
3052,3.210105052526263
3053,3.214107053526763
3054,3.2181090545272637
3055,3.2221110555277637
3056,3.2261130565282636
3057,3.2301150575287645
3058,3.2341170585292645
3059,3.2381190595297644
3060,3.2421210605302644
3061,3.2461230615307652
3062,3.250125062531265
3063,3.254127063531765
3064,3.258129064532266
3065,3.262131065532766
3066,3.266133066533266
3067,3.270135067533767
3068,3.274137068534267
3069,3.2781390695347667
3070,3.2821410705352676
3071,3.2861430715357676
3072,3.2901450725362675
3073,3.2941470735367684
3074,3.2981490745372684
3075,3.3021510755377683
3076,3.306153076538269
3077,3.310155077538769
3078,3.314157078539269
3079,3.31815907953977
3080,3.32216108054027
3081,3.32616308154077
3082,3.3301650825412707
3083,3.3341670835417707
3084,3.3381690845422707
3085,3.3421710855427706
3086,3.3461730865432715
3087,3.3501750875437715
3088,3.3541770885442714
3089,3.3581790895447723
3090,3.3621810905452723
3091,3.366183091545772
3092,3.370185092546273
3093,3.374187093546773
3094,3.378189094547273
3095,3.382191095547774
3096,3.386193096548274
3097,3.390195097548774
3098,3.3941970985492746
3099,3.3981990995497746
3100,3.4022011005502746
3101,3.4062031015507754
3102,3.4102051025512754
3103,3.4142071035517754
3104,3.4182091045522762
3105,3.422211105552776
3106,3.426213106553276
3107,3.430215107553777
3108,3.434217108554277
3109,3.438219109554777
3110,3.442221110555277
3111,3.4462231115557778
3112,3.4502251125562777
3113,3.4542271135567777
3114,3.4582291145572785
3115,3.4622311155577785
3116,3.4662331165582785
3117,3.4702351175587793
3118,3.4742371185592793
3119,3.4782391195597793
3120,3.48224112056028
3121,3.48624312156078
3122,3.49024512256128
3123,3.494247123561781
3124,3.498249124562281
3125,3.502251125562781
3126,3.5062531265632817
3127,3.5102551275637817
3128,3.5142571285642816
3129,3.5182591295647825
3130,3.5222611305652824
3131,3.5262631315657824
3132,3.5302651325662824
3133,3.5342671335667832
3134,3.538269134567283
3135,3.542271135567783
3136,3.546273136568284
3137,3.550275137568784
3138,3.554277138569284
3139,3.558279139569785
3140,3.5622811405702848
3141,3.5662831415707847
3142,3.5702851425712856
3143,3.5742871435717856
3144,3.5782891445722855
3145,3.5822911455727864
3146,3.5862931465732864
3147,3.5902951475737863
3148,3.594297148574287
3149,3.598299149574787
3150,3.602301150575287
3151,3.606303151575788
3152,3.610305152576288
3153,3.614307153576788
3154,3.6183091545772887
3155,3.6223111555777887
3156,3.6263131565782887
3157,3.6303151575787886
3158,3.6343171585792895
3159,3.6383191595797895
3160,3.6423211605802894
3161,3.6463231615807903
3162,3.6503251625812903
3163,3.65432716358179
3164,3.658329164582291
3165,3.662331165582791
3166,3.666333166583291
3167,3.670335167583792
3168,3.674337168584292
3169,3.678339169584792
3170,3.6823411705852926
3171,3.6863431715857926
3172,3.6903451725862926
3173,3.6943471735867934
3174,3.6983491745872934
3175,3.7023511755877934
3176,3.706353176588294
3177,3.710355177588794
3178,3.714357178589294
3179,3.718359179589794
3180,3.722361180590295
3181,3.726363181590795
3182,3.730365182591295
3183,3.7343671835917958
3184,3.7383691845922957
3185,3.7423711855927957
3186,3.7463731865932965
3187,3.7503751875937965
3188,3.7543771885942965
3189,3.7583791895947973
3190,3.7623811905952973
3191,3.7663831915957973
3192,3.770385192596298
3193,3.774387193596798
3194,3.778389194597298
3195,3.782391195597799
3196,3.786393196598299
3197,3.790395197598799
3198,3.7943971985992997
3199,3.7983991995997997
3200,3.8024012006002996
3201,3.8064032016008005
3202,3.8104052026013004
3203,3.8144072036018004
3204,3.8184092046023004
3205,3.8224112056028012
3206,3.826413206603301
3207,3.830415207603801
3208,3.834417208604302
3209,3.838419209604802
3210,3.842421210605302
3211,3.846423211605803
3212,3.8504252126063028
3213,3.8544272136068027
3214,3.8584292146073036
3215,3.8624312156078036
3216,3.8664332166083035
3217,3.8704352176088044
3218,3.8744372186093043
3219,3.8784392196098043
3220,3.882441220610305
3221,3.886443221610805
3222,3.890445222611305
3223,3.894447223611806
3224,3.898449224612306
3225,3.902451225612806
3226,3.9064532266133067
3227,3.9104552276138067
3228,3.9144572286143067
3229,3.9184592296148066
3230,3.9224612306153075
3231,3.9264632316158075
3232,3.9304652326163074
3233,3.9344672336168083
3234,3.9384692346173082
3235,3.942471235617808
3236,3.946473236618309
3237,3.950475237618809
3238,3.954477238619309
3239,3.95847923961981
3240,3.96248124062031
3241,3.96648324162081
3242,3.9704852426213106
3243,3.9744872436218106
3244,3.9784892446223106
3245,3.9824912456228114
3246,3.9864932466233114
3247,3.9904952476238114
3248,3.994497248624312
3249,3.998499249624812
3250,4.002501250625312
3251,4.006503251625812
3252,4.010505252626313
3253,4.014507253626813
3254,4.018509254627313
3255,4.022511255627814
3256,4.026513256628314
3257,4.030515257628814
3258,4.0345172586293145
3259,4.0385192596298145
3260,4.0425212606303145
3261,4.046523261630815
3262,4.050525262631315
3263,4.054527263631815
3264,4.058529264632316
3265,4.062531265632816
3266,4.066533266633316
3267,4.070535267633817
3268,4.074537268634317
3269,4.078539269634817
3270,4.082541270635318
3271,4.086543271635818
3272,4.090545272636318
3273,4.0945472736368185
3274,4.098549274637318
3275,4.102551275637818
3276,4.106553276638318
3277,4.110555277638819
3278,4.114557278639319
3279,4.118559279639819
3280,4.12256128064032
3281,4.12656328164082
3282,4.13056528264132
3283,4.134567283641821
3284,4.138569284642321
3285,4.142571285642821
3286,4.146573286643322
3287,4.1505752876438216
3288,4.1545772886443215
3289,4.158579289644822
3290,4.162581290645322
3291,4.166583291645822
3292,4.170585292646323
3293,4.174587293646823
3294,4.178589294647323
3295,4.182591295647824
3296,4.186593296648324
3297,4.190595297648824
3298,4.194597298649324
3299,4.198599299649825
3300,4.202601300650325
3301,4.206603301650825
3302,4.2106053026513255
3303,4.2146073036518255
3304,4.218609304652325
3305,4.222611305652826
3306,4.226613306653326
3307,4.230615307653826
3308,4.234617308654327
3309,4.238619309654827
3310,4.242621310655327
3311,4.246623311655828
3312,4.250625312656328
3313,4.254627313656828
3314,4.258629314657329
3315,4.262631315657829
3316,4.266633316658329
3317,4.270635317658829
3318,4.274637318659329
3319,4.278639319659829
3320,4.28264132066033
3321,4.28664332166083
3322,4.29064532266133
3323,4.29464732366183
3324,4.298649324662331
3325,4.302651325662831
3326,4.306653326663331
3327,4.310655327663832
3328,4.314657328664332
3329,4.318659329664832
3330,4.3226613306653325
3331,4.3266633316658325
3332,4.3306653326663325
3333,4.334667333666833
3334,4.338669334667333
3335,4.342671335667833
3336,4.346673336668334
3337,4.350675337668834
3338,4.354677338669334
3339,4.358679339669835
3340,4.362681340670335
3341,4.366683341670835
3342,4.370685342671336
3343,4.374687343671836
3344,4.378689344672336
3345,4.3826913456728365
3346,4.386693346673336
3347,4.390695347673836
3348,4.394697348674336
3349,4.398699349674837
3350,4.402701350675337
3351,4.406703351675837
3352,4.410705352676338
3353,4.414707353676838
3354,4.418709354677338
3355,4.422711355677839
3356,4.426713356678339
3357,4.430715357678839
3358,4.43471735867934
3359,4.4387193596798395
3360,4.4427213606803395
3361,4.44672336168084
3362,4.45072536268134
3363,4.45472736368184
3364,4.458729364682341
3365,4.462731365682841
3366,4.466733366683341
3367,4.470735367683842
3368,4.474737368684342
3369,4.478739369684842
3370,4.482741370685342
3371,4.486743371685843
3372,4.490745372686343
3373,4.494747373686843
3374,4.4987493746873435
3375,4.5027513756878434
3376,4.506753376688343
3377,4.510755377688844
3378,4.514757378689344
3379,4.518759379689844
3380,4.522761380690345
3381,4.526763381690845
3382,4.530765382691345
3383,4.534767383691846
3384,4.538769384692346
3385,4.542771385692846
3386,4.546773386693347
3387,4.550775387693847
3388,4.554777388694347
3389,4.558779389694847
3390,4.562781390695347
3391,4.566783391695847
3392,4.570785392696348
3393,4.574787393696848
3394,4.578789394697348
3395,4.582791395697848
3396,4.586793396698349
3397,4.590795397698849
3398,4.594797398699349
3399,4.59879939969985
3400,4.60280140070035
3401,4.60680340170085
3402,4.6108054027013505
3403,4.6148074037018505
3404,4.6188094047023505
3405,4.622811405702851
3406,4.626813406703351
3407,4.630815407703851
3408,4.634817408704352
3409,4.638819409704852
3410,4.642821410705352
3411,4.646823411705853
3412,4.650825412706353
3413,4.654827413706853
3414,4.658829414707354
3415,4.662831415707854
3416,4.666833416708354
3417,4.670835417708854
3418,4.674837418709354
3419,4.678839419709854
3420,4.682841420710354
3421,4.686843421710855
3422,4.690845422711355
3423,4.694847423711855
3424,4.698849424712356
3425,4.702851425712856
3426,4.706853426713356
3427,4.710855427713857
3428,4.714857428714357
3429,4.718859429714857
3430,4.722861430715358
3431,4.7268634317158575
3432,4.7308654327163575
3433,4.734867433716858
3434,4.738869434717358
3435,4.742871435717858
3436,4.746873436718359
3437,4.750875437718859
3438,4.754877438719359
3439,4.75887943971986
3440,4.76288144072036
3441,4.76688344172086
3442,4.77088544272136
3443,4.774887443721861
3444,4.778889444722361
3445,4.782891445722861
3446,4.7868934467233615
3447,4.7908954477238614
3448,4.794897448724361
3449,4.798899449724862
3450,4.802901450725362
3451,4.806903451725862
3452,4.810905452726363
3453,4.814907453726863
3454,4.818909454727363
3455,4.822911455727864
3456,4.826913456728364
3457,4.830915457728864
3458,4.834917458729365
3459,4.838919459729865
3460,4.842921460730365
3461,4.846923461730865
3462,4.850925462731365
3463,4.854927463731865
3464,4.858929464732366
3465,4.862931465732866
3466,4.866933466733366
3467,4.870935467733866
3468,4.874937468734367
3469,4.878939469734867
3470,4.882941470735367
3471,4.886943471735868
3472,4.890945472736368
3473,4.894947473736868
3474,4.8989494747373685
3475,4.9029514757378685
3476,4.9069534767383685
3477,4.910955477738869
3478,4.914957478739369
3479,4.918959479739869
3480,4.92296148074037
3481,4.92696348174087
3482,4.93096548274137
3483,4.934967483741871
3484,4.938969484742371
3485,4.942971485742871
3486,4.946973486743372
3487,4.950975487743872
3488,4.954977488744372
3489,4.958979489744872
3490,4.962981490745372
3491,4.966983491745872
3492,4.970985492746372
3493,4.974987493746873
3494,4.978989494747373
3495,4.982991495747873
3496,4.986993496748374
3497,4.990995497748874
3498,4.994997498749374
3499,4.998999499749875
3500,5.003001500750375
3501,5.007003501750875
3502,5.011005502751376
3503,5.0150075037518755
3504,5.0190095047523755
3505,5.023011505752876
3506,5.027013506753376
3507,5.031015507753876
3508,5.035017508754377
3509,5.039019509754877
3510,5.043021510755377
3511,5.047023511755878
3512,5.051025512756378
3513,5.055027513756878
3514,5.059029514757378
3515,5.063031515757879
3516,5.067033516758379
3517,5.071035517758879
3518,5.0750375187593795
3519,5.079039519759879
3520,5.083041520760379
3521,5.08704352176088
3522,5.09104552276138
3523,5.09504752376188
3524,5.099049524762381
3525,5.103051525762881
3526,5.107053526763381
3527,5.111055527763882
3528,5.115057528764382
3529,5.119059529764882
3530,5.123061530765383
3531,5.127063531765883
3532,5.1310655327663826
3533,5.135067533766883
3534,5.139069534767383
3535,5.143071535767883
3536,5.147073536768383
3537,5.151075537768884
3538,5.155077538769384
3539,5.159079539769884
3540,5.163081540770385
3541,5.167083541770885
3542,5.171085542771385
3543,5.175087543771886
3544,5.179089544772386
3545,5.183091545772886
3546,5.1870935467733865
3547,5.1910955477738865
3548,5.1950975487743865
3549,5.199099549774887
3550,5.203101550775387
3551,5.207103551775887
3552,5.211105552776388
3553,5.215107553776888
3554,5.219109554777388
3555,5.223111555777889
3556,5.227113556778389
3557,5.231115557778889
3558,5.23511755877939
3559,5.23911955977989
3560,5.24312156078039
3561,5.24712356178089
3562,5.25112556278139
3563,5.25512756378189
3564,5.25912956478239
3565,5.263131565782891
3566,5.267133566783391
3567,5.271135567783891
3568,5.275137568784392
3569,5.279139569784892
3570,5.283141570785392
3571,5.287143571785893
3572,5.291145572786393
3573,5.295147573786893
3574,5.299149574787394
3575,5.3031515757878935
3576,5.3071535767883935
3577,5.311155577788894
3578,5.315157578789394
3579,5.319159579789894
3580,5.323161580790395
3581,5.327163581790895
3582,5.331165582791395
3583,5.335167583791896
3584,5.339169584792396
3585,5.343171585792896
3586,5.347173586793396
3587,5.351175587793897
3588,5.355177588794397
3589,5.359179589794897
3590,5.3631815907953975
3591,5.367183591795897
3592,5.371185592796397
3593,5.375187593796898
3594,5.379189594797398
3595,5.383191595797898
3596,5.387193596798399
3597,5.391195597798899
3598,5.395197598799399
3599,5.3991995997999
3600,5.4032016008004
3601,5.4072036018009
3602,5.411205602801401
3603,5.415207603801901
3604,5.4192096048024005
3605,5.423211605802901
3606,5.427213606803401
3607,5.431215607803901
3608,5.435217608804401
3609,5.439219609804902
3610,5.443221610805402
3611,5.447223611805902
3612,5.451225612806403
3613,5.455227613806903
3614,5.459229614807403
3615,5.463231615807904
3616,5.467233616808404
3617,5.471235617808904
3618,5.4752376188094045
3619,5.4792396198099045
3620,5.4832416208104044
3621,5.487243621810905
3622,5.491245622811405
3623,5.495247623811905
3624,5.499249624812406
3625,5.503251625812906
3626,5.507253626813406
3627,5.511255627813907
3628,5.515257628814407
3629,5.519259629814907
3630,5.523261630815408
3631,5.527263631815908
3632,5.531265632816408
3633,5.535267633816908
3634,5.539269634817408
3635,5.543271635817908
3636,5.547273636818408
3637,5.551275637818909
3638,5.555277638819409
3639,5.559279639819909
3640,5.56328164082041
3641,5.56728364182091
3642,5.57128564282141
3643,5.575287643821911
3644,5.579289644822411
3645,5.583291645822911
3646,5.587293646823412
3647,5.5912956478239115
3648,5.5952976488244115
3649,5.599299649824912
3650,5.603301650825412
3651,5.607303651825912
3652,5.611305652826413
3653,5.615307653826913
3654,5.619309654827413
3655,5.623311655827914
3656,5.627313656828414
3657,5.631315657828914
3658,5.635317658829414
3659,5.639319659829915
3660,5.643321660830415
3661,5.647323661830915
3662,5.6513256628314155
3663,5.655327663831915
3664,5.659329664832415
3665,5.663331665832916
3666,5.667333666833416
3667,5.671335667833916
3668,5.675337668834417
3669,5.679339669834917
3670,5.683341670835417
3671,5.687343671835918
3672,5.691345672836418
3673,5.695347673836918
3674,5.699349674837419
3675,5.703351675837919
3676,5.7073536768384185
3677,5.711355677838919
3678,5.715357678839419
3679,5.719359679839919
3680,5.723361680840419
3681,5.72736368184092
3682,5.73136568284142
3683,5.73536768384192
3684,5.739369684842421
3685,5.743371685842921
3686,5.747373686843421
3687,5.751375687843922
3688,5.755377688844422
3689,5.759379689844922
3690,5.7633816908454225
3691,5.7673836918459225
3692,5.771385692846422
3693,5.775387693846923
3694,5.779389694847423
3695,5.783391695847923
3696,5.787393696848424
3697,5.791395697848924
3698,5.795397698849424
3699,5.799399699849925
3700,5.803401700850425
3701,5.807403701850925
3702,5.811405702851426
3703,5.815407703851926
3704,5.819409704852426
3705,5.823411705852926
3706,5.827413706853426
3707,5.831415707853926
3708,5.835417708854426
3709,5.839419709854927
3710,5.843421710855427
3711,5.847423711855927
3712,5.851425712856428
3713,5.855427713856928
3714,5.859429714857428
3715,5.863431715857929
3716,5.867433716858429
3717,5.871435717858929
3718,5.87543771885943
3719,5.8794397198599295
3720,5.8834417208604295
3721,5.88744372186093
3722,5.89144572286143
3723,5.89544772386193
3724,5.899449724862431
3725,5.903451725862931
3726,5.907453726863431
3727,5.911455727863931
3728,5.915457728864432
3729,5.919459729864932
3730,5.923461730865432
3731,5.927463731865933
3732,5.931465732866433
3733,5.935467733866933
3734,5.9394697348674335
3735,5.943471735867933
3736,5.947473736868433
3737,5.951475737868934
3738,5.955477738869434
3739,5.959479739869934
3740,5.963481740870435
3741,5.967483741870935
3742,5.971485742871435
3743,5.975487743871936
3744,5.979489744872436
3745,5.983491745872936
3746,5.987493746873437
3747,5.991495747873937
3748,5.9954977488744365
3749,5.999499749874937
3750,6.003501750875437
3751,6.007503751875937
3752,6.011505752876437
3753,6.015507753876938
3754,6.019509754877438
3755,6.023511755877938
3756,6.027513756878439
3757,6.031515757878939
3758,6.035517758879439
3759,6.03951975987994
3760,6.04352176088044
3761,6.04752376188094
3762,6.0515257628814405
3763,6.0555277638819405
3764,6.05952976488244
3765,6.063531765882941
3766,6.067533766883441
3767,6.071535767883941
3768,6.075537768884442
3769,6.079539769884942
3770,6.083541770885442
3771,6.087543771885943
3772,6.091545772886443
3773,6.095547773886943
3774,6.099549774887444
3775,6.103551775887944
3776,6.107553776888444
3777,6.1115557778889436
3778,6.115557778889444
3779,6.119559779889944
3780,6.123561780890444
3781,6.127563781890945
3782,6.131565782891445
3783,6.135567783891945
3784,6.139569784892446
3785,6.143571785892946
3786,6.147573786893446
3787,6.151575787893947
3788,6.155577788894447
3789,6.159579789894947
3790,6.1635817908954476
3791,6.1675837918959475
3792,6.1715857928964475
3793,6.175587793896948
3794,6.179589794897448
3795,6.183591795897948
3796,6.187593796898449
3797,6.191595797898949
3798,6.195597798899449
3799,6.199599799899949
3800,6.20360180090045
3801,6.20760380190095
3802,6.21160580290145
3803,6.215607803901951
3804,6.219609804902451
3805,6.223611805902951
3806,6.2276138069034515
3807,6.231615807903951
3808,6.235617808904451
3809,6.239619809904952
3810,6.243621810905452
3811,6.247623811905952
3812,6.251625812906453
3813,6.255627813906953
3814,6.259629814907453
3815,6.263631815907954
3816,6.267633816908454
3817,6.271635817908954
3818,6.275637818909455
3819,6.279639819909955
3820,6.2836418209104545
3821,6.287643821910955
3822,6.291645822911455
3823,6.295647823911955
3824,6.299649824912455
3825,6.303651825912956
3826,6.307653826913456
3827,6.311655827913956
3828,6.315657828914457
3829,6.319659829914957
3830,6.323661830915457
3831,6.327663831915958
3832,6.331665832916458
3833,6.335667833916958
3834,6.3396698349174585
3835,6.3436718359179585
3836,6.347673836918458
3837,6.351675837918959
3838,6.355677838919459
3839,6.359679839919959
3840,6.36368184092046
3841,6.36768384192096
3842,6.37168584292146
3843,6.375687843921961
3844,6.379689844922461
3845,6.383691845922961
3846,6.387693846923461
3847,6.391695847923962
3848,6.395697848924462
3849,6.3996998499249615
3850,6.403701850925462
3851,6.407703851925962
3852,6.411705852926462
3853,6.415707853926963
3854,6.419709854927463
3855,6.423711855927963
3856,6.427713856928464
3857,6.431715857928964
3858,6.435717858929464
3859,6.439719859929965
3860,6.443721860930465
3861,6.447723861930965
3862,6.4517258629314655
3863,6.4557278639319655
3864,6.4597298649324655
3865,6.463731865932966
3866,6.467733866933466
3867,6.471735867933966
3868,6.475737868934467
3869,6.479739869934967
3870,6.483741870935467
3871,6.487743871935967
3872,6.491745872936468
3873,6.495747873936968
3874,6.499749874937468
3875,6.503751875937969
3876,6.507753876938469
3877,6.511755877938969
3878,6.5157578789394694
3879,6.519759879939969
3880,6.523761880940469
3881,6.52776388194097
3882,6.53176588294147
3883,6.53576788394197
3884,6.539769884942471
3885,6.543771885942971
3886,6.547773886943471
3887,6.551775887943972
3888,6.555777888944472
3889,6.559779889944972
3890,6.563781890945473
3891,6.567783891945973
3892,6.5717858929464725
3893,6.575787893946973
3894,6.579789894947473
3895,6.583791895947973
3896,6.587793896948473
3897,6.591795897948974
3898,6.595797898949474
3899,6.599799899949974
3900,6.603801900950475
3901,6.607803901950975
3902,6.611805902951475
3903,6.615807903951976
3904,6.619809904952476
3905,6.623811905952976
3906,6.6278139069534765
3907,6.6318159079539765
3908,6.635817908954476
3909,6.639819909954977
3910,6.643821910955477
3911,6.647823911955977
3912,6.651825912956478
3913,6.655827913956978
3914,6.659829914957478
3915,6.663831915957979
3916,6.667833916958479
3917,6.671835917958979
3918,6.675837918959479
3919,6.67983991995998
3920,6.68384192096048
3921,6.6878439219609795
3922,6.69184592296148
3923,6.69584792396198
3924,6.69984992496248
3925,6.703851925962981
3926,6.707853926963481
3927,6.711855927963981
3928,6.715857928964482
3929,6.719859929964982
3930,6.723861930965482
3931,6.727863931965983
3932,6.731865932966483
3933,6.735867933966983
3934,6.7398699349674835
3935,6.7438719359679835
3936,6.7478739369684835
3937,6.751875937968984
3938,6.755877938969484
3939,6.759879939969984
3940,6.763881940970485
3941,6.767883941970985
3942,6.771885942971485
3943,6.775887943971985
3944,6.779889944972486
3945,6.783891945972986
3946,6.787893946973486
3947,6.791895947973987
3948,6.795897948974487
3949,6.799899949974987
3950,6.8039019509754874
3951,6.807903951975987
3952,6.811905952976487
3953,6.815907953976988
3954,6.819909954977488
3955,6.823911955977988
3956,6.827913956978489
3957,6.831915957978989
3958,6.835917958979489
3959,6.83991995997999
3960,6.84392196098049
3961,6.84792396198099
3962,6.851925962981491
3963,6.855927963981991
3964,6.8599299649824905
3965,6.8639319659829905
3966,6.867933966983491
3967,6.871935967983991
3968,6.875937968984491
3969,6.879939969984992
3970,6.883941970985492
3971,6.887943971985992
3972,6.891945972986493
3973,6.895947973986993
3974,6.899949974987493
3975,6.903951975987994
3976,6.907953976988494
3977,6.911955977988994
3978,6.9159579789894945
3979,6.9199599799899945
3980,6.923961980990494
3981,6.927963981990995
3982,6.931965982991495
3983,6.935967983991995
3984,6.939969984992496
3985,6.943971985992996
3986,6.947973986993496
3987,6.951975987993997
3988,6.955977988994497
3989,6.959979989994997
3990,6.963981990995497
3991,6.967983991995998
3992,6.971985992996498
3993,6.9759879939969975
3994,6.979989994997498
3995,6.983991995997998
3996,6.987993996998498
3997,6.991995997998999
3998,6.995997998999499
3999,7.0
